node_id,pdr,reply_ratio,throughput,residual_energy,label,bandwidth,packet_drop_rate
2456,0.9235953998512004,0.9353261294932904,79.50300540777071,59.57438750427767,1,38.08,0.093
35,0.9305109136115246,0.8116914059147611,94.45063799447612,71.67555458859962,1,95.12,0.271
2474,0.8343898740989705,0.912196399388033,58.75104399580203,60.31443082978346,1,73.47,0.436
722,0.9811165721465256,0.8894437114026508,75.24231770011609,73.55352275696673,1,60.27,0.366
181,0.8853122253766578,0.8346706570102037,89.67354982506819,93.24293906556916,1,16.45,0.403
1711,0.8813416130768184,0.7768144421645965,55.29961879783925,63.1548435030205,1,16.44,0.329
653,0.8718726396455816,0.9885860224323326,65.88214409509449,65.5875975791179,1,6.75,0.346
1031,0.9280059142241872,0.8763178697385056,72.58831502252792,64.98875976899102,1,86.75,0.425
2624,0.8976673161938087,0.7874363876788223,80.67130332836184,90.4471160151663,1,60.51,0.125
67,0.1116124453072552,0.3515436705444348,15.633215595892691,16.304572099973992,0,71.1,0.245
430,0.9755754444169638,0.8964311683345249,81.28087805507829,73.04450150784314,1,3.04,0.111
138,0.1561368125129874,0.168130239585135,7.29798384661383,16.533532245205706,0,97.02,0.494
1567,0.7631472286048339,0.9061286335208828,63.58855647853613,87.99328093775705,1,83.41,0.472
406,0.9935097532335624,0.7000348864620133,86.3582039276393,93.95631717131374,1,22.02,0.02
2737,0.7541431039386434,0.8188596375066233,91.78452721650376,96.21696518373103,1,19.0,0.353
645,0.9140176861727726,0.9753528220292812,95.42218338788724,95.72235226342993,1,19.16,0.463
2163,0.9499199145223371,0.9343365659703848,78.38975530585142,61.01779574826183,1,31.12,0.09
1221,0.9519858778646684,0.9331696815773508,90.02392078811161,54.51770657645936,1,52.95,0.284
2560,0.8482470945288301,0.9151770065874916,87.92426618617051,53.68207293027915,1,43.76,0.458
1385,0.7569751038839528,0.9500409407411676,80.74508463740389,58.49507098505832,1,29.83,0.017
870,0.9231259635165412,0.93723951108671,98.45623530435878,59.93914699625648,1,61.57,0.349
204,0.1426158003274197,0.2317305924214117,11.475557678291011,10.679827314387287,0,14.81,0.149
1264,0.8311879630519896,0.7312137577867485,63.92683441191917,55.480638121093,1,29.92,0.462
463,0.8638068879753252,0.7425171352448169,50.69672576900132,68.5751011206025,1,37.27,0.486
180,0.8871157405862884,0.8615937458950746,94.28731647326948,50.32980191064783,1,46.15,0.472
1048,0.8008657095919316,0.985963979152649,88.69500841628582,67.74426074024815,1,78.73,0.237
203,0.1580112194181449,0.0179099227165899,10.160417810990833,1.447303539840319,0,20.77,0.431
1135,0.9521511437895784,0.9454779671627442,86.08855892702557,55.669148052924726,1,51.91,0.422
1074,0.863681280600294,0.91308677456315,50.92200180466182,97.0075766404811,1,59.65,0.16
1090,0.7866582389483797,0.9358851264698264,76.59964791426523,64.7954022597689,1,5.6,0.414
1952,0.8574900881947638,0.800962767786603,74.0805989815188,95.32528043890449,1,61.15,0.019
136,0.0771312060828203,0.2382261838516497,27.84108641996016,25.57341601664507,0,17.88,0.298
2754,0.8110887248272739,0.716828233334462,99.48746334278698,50.88074888785727,1,7.44,0.115
475,0.7075659179549174,0.8053721972395869,72.12540154540153,68.32937830763782,1,94.94,0.06
63,0.7892680397013839,0.7796524970398124,51.457810613937546,59.32757809148835,1,96.6,0.038
198,0.0719527728040793,0.3779894204016167,27.98774484837531,6.190479585005635,0,81.03,0.348
1175,0.8138592177123516,0.8555353859468211,68.28631608340127,88.31467524500677,1,31.16,0.17
1631,0.8424024124681946,0.92670501828233,59.77373387868589,96.7548862433148,1,10.67,0.362
1888,0.7866441027376982,0.7469223357415222,83.24601653020937,62.352474289130704,1,68.74,0.033
19,0.3451265074638366,0.3308472142025611,28.614620627779765,29.605319290404303,0,44.58,0.158
1384,0.7694590471378975,0.9694667676416536,98.82122355522088,60.11264169180973,1,13.08,0.27
139,0.0284105198440219,0.2785815405525199,24.89524163137349,26.137463074972583,0,50.02,0.395
1129,0.9994734608701976,0.8967797543285282,86.07696304117019,93.99930155853951,1,4.4,0.159
2399,0.8046934978122602,0.7505135947326146,74.50030815940977,50.00945541123219,1,91.02,0.313
2107,0.7498528295027541,0.912916387957816,73.57856177693697,55.30304848362029,1,26.62,0.443
506,0.9924673714062358,0.8041516762827562,85.2041508942464,97.39486024703616,1,66.59,0.308
34,0.9178122320320188,0.8057080298127983,95.30606377059776,62.9129720724549,1,31.86,0.116
1775,0.989358879018266,0.9067856298162232,67.40575422770146,70.16124635568137,1,52.49,0.012
1117,0.8219274211894906,0.7562073858566473,99.71919997541984,84.13717385137144,1,55.12,0.435
90,0.9305777916762602,0.7449571774597972,53.906381004572005,79.0827128762123,1,19.3,0.011
2501,0.9170607592007712,0.8056389265858639,71.64254544219702,60.07096274241388,1,96.99,0.437
1878,0.7802314341329779,0.7230486529798482,84.51414707680614,59.72612823195274,1,77.74,0.264
126,0.7812647322471811,0.8367679168582731,93.36358365683496,88.76754854678495,1,94.01,0.47
2297,0.9335607780313204,0.9833801905223204,71.58147196910231,69.13666523282266,1,89.59,0.399
67,0.1116124453072552,0.3515436705444348,15.633215595892691,16.304572099973992,0,60.19,0.499
90,0.3080387704146124,0.1340029089108134,12.553669136250283,16.37859788828999,0,92.27,0.175
751,0.7181312442159291,0.8167139889886224,95.1105439515415,85.36095317260686,1,9.76,0.384
49,0.1620838210583392,0.0158404053626592,3.750272343108592,36.35330382762937,0,20.4,0.201
2452,0.7102126024947857,0.8927530316600751,50.76624444112979,94.61717453101336,1,5.48,0.24
2201,0.7078546464490761,0.9730621583240162,62.79855028419405,66.7959261829858,1,33.21,0.314
67,0.8488803169959431,0.8537088401760211,59.37220607876531,78.24557469347076,1,39.48,0.437
61,0.3230284155692729,0.3567302122733369,20.91838152561116,28.77150316082399,0,27.86,0.492
473,0.8791491308637251,0.9432890493147366,67.63546181475326,71.90816452154863,1,83.05,0.384
492,0.7619659074269248,0.7901854200171928,96.78159927585212,69.44019996735062,1,36.32,0.209
2352,0.8109474912553076,0.7723575070166375,57.103286991238384,55.06243896924033,1,28.81,0.211
257,0.8979513439809378,0.7070861211486685,66.12189388258562,66.93674353355303,1,54.73,0.369
61,0.8286692121372337,0.8182818336277642,72.59788819181281,77.07792128639642,1,14.95,0.119
2183,0.9463912086386258,0.9194363055619058,61.4736949686944,93.6592477606005,1,80.42,0.055
137,0.1346107630890864,0.2689974708174616,0.1369531406898128,11.29500695048968,0,8.38,0.177
924,0.8022248589344197,0.9288166371526488,92.9856573740014,93.78575986039228,1,98.7,0.144
119,0.0662373276312695,0.2588470313555467,24.000845068819235,5.016607809245368,0,77.45,0.148
1255,0.9965950347989194,0.8534520443072402,90.66030842396734,80.64494520205508,1,20.67,0.117
21,0.8292399494015426,0.7334090329087795,96.92219956092198,62.47750311974576,1,1.55,0.021
2326,0.996299396001476,0.7758243493267347,75.42282818677637,93.34929313978076,1,81.73,0.009
226,0.9625067778991464,0.9683911605787824,56.857443746700895,90.45417261493918,1,70.98,0.494
52,0.7425569990029867,0.8615889686596195,71.01291336370917,50.85658874124756,1,73.17,0.214
542,0.8892288338336282,0.8261370031512221,92.53584056067592,94.09747548690048,1,77.36,0.192
138,0.1561368125129874,0.168130239585135,7.29798384661383,16.533532245205706,0,8.33,0.34
1797,0.8811805977078093,0.7321186863718014,73.03138989721589,57.945285533790994,1,36.49,0.109
1439,0.9080117819859532,0.8566205231690016,93.48374206545762,61.79347033491459,1,12.47,0.475
4,0.8091805864014718,0.7207064527485018,59.172487390546735,58.49129890290642,1,86.45,0.393
205,0.262387227201876,0.0860984945046001,14.957203690435616,2.335797921376219,0,62.71,0.045
1293,0.9115105860446756,0.771884726492356,67.76401940906112,80.80919722809021,1,33.76,0.209
204,0.1426158003274197,0.2317305924214117,11.475557678291011,10.679827314387287,0,7.29,0.44
1437,0.7520525891802861,0.989359188371401,86.02186322600144,84.72201320492042,1,31.79,0.472
667,0.7502973889531371,0.8526083926635499,98.76463679558316,59.520138398680345,1,33.19,0.234
1452,0.9692274556124442,0.8591451916036401,59.2115541246303,74.03901248387446,1,73.23,0.307
1949,0.8088930095844578,0.944695310573186,59.722637882432416,53.49877316044997,1,64.12,0.084
1281,0.9392853594445596,0.8280775018716356,80.56258136341589,65.63943739527703,1,88.83,0.496
2702,0.7527059051574005,0.7182181056881155,58.249694271707305,94.62938189941792,1,47.75,0.116
2635,0.8345533179193881,0.7454449239384464,71.72198940076551,97.48063444839116,1,12.84,0.471
1160,0.9228265288084228,0.8889711995625414,67.99762626997754,78.51372815332752,1,71.61,0.325
2563,0.7932851351034873,0.9556903771773392,72.39959331608438,98.49123914858822,1,76.32,0.304
2317,0.9827208713079,0.9963234764521884,72.22128080528935,60.09555392080623,1,56.57,0.256
2573,0.8955309232245068,0.7477697568577906,73.9189970176359,73.67676068511864,1,77.33,0.115
1736,0.7496039493065184,0.7026277948992758,84.32849681899883,69.28480106937569,1,49.89,0.088
1983,0.9925451463004618,0.924224089602611,50.13864737181515,82.09835261825006,1,52.75,0.11
33,0.1946581980631452,0.3164559097118928,27.65642683616677,26.604150185466004,0,43.33,0.093
87,0.0799928255238566,0.4003963126936407,24.86031053093778,26.148449983464133,0,3.52,0.39
2260,0.9787438599085384,0.8673711983861949,66.90022493443456,64.29233478448407,1,11.68,0.175
911,0.9109901327868362,0.825061356181396,92.43494998129454,63.32924784426241,1,4.11,0.029
338,0.8422461956507259,0.7650315126827546,98.07025270749456,80.20130752418899,1,64.0,0.485
791,0.7369839186661722,0.7105011702490459,73.15017362258527,65.86343142246122,1,32.12,0.442
2296,0.7684012024550595,0.7029047667919787,84.52465535186982,72.70347438339441,1,51.35,0.464
715,0.7580770204913487,0.7883846409734674,79.76285431006376,52.39408162261919,1,90.85,0.497
2656,0.9885759152031104,0.8715343367072097,75.92841571604536,89.87698089077588,1,25.68,0.087
340,0.8245996992229628,0.7157169871208011,54.139013909541966,84.82530280951013,1,41.63,0.198
2071,0.7047125847351197,0.8151299171706714,90.40665238739396,53.93898335799303,1,75.8,0.379
23,0.1265548655999467,0.1085858928601833,7.121564471447006,29.214108027349862,0,23.65,0.348
677,0.756753190082757,0.889991614172733,72.18963890917692,79.07454520982043,1,8.62,0.077
2229,0.8790212345916417,0.9503028921393404,61.53428770614326,68.8645527980474,1,29.69,0.408
389,0.8169125092816065,0.9015266017907438,55.335545363965856,70.87503959113968,1,16.96,0.112
18,0.7025240545377454,0.8692829981080641,84.38989971146316,52.21430926598792,1,93.04,0.112
2005,0.8398833320964836,0.8656451444147424,67.48832343176173,65.37106879080216,1,81.0,0.268
137,0.1346107630890864,0.2689974708174616,0.1369531406898128,11.29500695048968,0,63.71,0.296
2380,0.8660173590882654,0.737404982951618,68.21604821414883,61.86938151838399,1,87.27,0.29
71,0.215999032502757,0.3646658829205706,0.6020217650169091,24.25152777156552,0,80.56,0.046
2489,0.7988619537413788,0.7042010219649668,80.85998199592797,72.70245902651558,1,19.47,0.439
1323,0.8360331428556153,0.8693047870888369,90.88367757951906,59.70495396000457,1,89.36,0.133
2697,0.9741177651074212,0.8221342984642704,56.07710098019878,64.58876726808764,1,54.39,0.065
2397,0.7975901035584826,0.9083930659925766,99.30011659036956,72.07118019937363,1,80.94,0.444
724,0.9315647829668776,0.7314961790244153,63.43144442549772,92.05693184968472,1,89.71,0.478
2072,0.7814997115090784,0.9197748882526808,83.93270744596353,62.01778409738534,1,32.48,0.431
2094,0.9209504743500392,0.8190758083642466,71.34482806861453,71.10606641014668,1,11.9,0.405
1526,0.7956055253264464,0.974194120238889,55.13694579425818,97.78302554732034,1,23.57,0.328
1901,0.7843258913358958,0.733475872759688,93.88354103003104,78.91215681033158,1,43.28,0.275
1847,0.8959311311642028,0.8952617674168574,95.1466914718368,61.38881712734833,1,81.98,0.043
781,0.8588516341293524,0.9829255705562744,90.6022201057671,71.81263140263775,1,86.21,0.204
2496,0.7975587146163824,0.8338141445208102,82.8719889439262,70.27238979316962,1,1.69,0.186
1488,0.9800771489668944,0.934116460393896,57.41899826076825,66.97141649223751,1,51.56,0.13
2209,0.8325293747029734,0.9305084849540932,69.15709978597673,96.9434580862398,1,42.32,0.362
523,0.9278836752636372,0.9145536423285489,91.65366005255748,87.76763876603945,1,22.99,0.248
1134,0.9554144994900702,0.903343747496822,89.07015170890139,95.3699950032254,1,12.87,0.041
1118,0.843719411130299,0.998718909147841,73.16171878221274,59.85590361657282,1,34.42,0.11
457,0.7252442426988717,0.7256935347280148,58.78038730130647,58.54372357067486,1,94.35,0.342
133,0.1737246431245338,0.3654784849845402,24.833249540294634,1.4993057193784145,0,33.0,0.038
162,0.1383663929828633,0.2484982319789087,22.259732154130266,5.39636990030909,0,52.36,0.426
1583,0.7428041494110623,0.7120450434275198,66.68701108507216,71.90233907273766,1,70.6,0.248
98,0.3783332421376331,0.2210849873784504,11.205280691351732,0.0408380036011779,0,37.0,0.24
87,0.0799928255238566,0.4003963126936407,24.86031053093778,26.148449983464133,0,97.21,0.296
139,0.0284105198440219,0.2785815405525199,24.89524163137349,26.137463074972583,0,96.28,0.412
1069,0.8512459890800061,0.9294087909561076,96.8162146796632,56.156241322435775,1,25.93,0.174
562,0.9114729478263413,0.8943858218703332,61.18020577386019,55.8953149668532,1,50.23,0.339
564,0.9522234570101265,0.8792620709610598,60.86583087049175,65.46802780486453,1,30.79,0.283
1178,0.7889856550853842,0.8917515874451963,75.532613402989,96.44642162711251,1,29.2,0.134
1468,0.7515653253199296,0.7320036758284066,99.64479688348912,75.2740431559091,1,4.65,0.439
148,0.9038901404917156,0.7421535198497224,93.37244052335222,86.82365067881375,1,61.35,0.399
2694,0.9784079121045844,0.91596421098324,80.34210058071724,64.93611602770795,1,50.77,0.329
1557,0.9288288476367949,0.906436489950923,50.750169735223785,52.15717468320228,1,6.1,0.425
439,0.9255634662378808,0.9293068261155636,75.59748142343423,88.26558820643385,1,28.59,0.434
2405,0.93773894633738,0.9095237216924384,74.97964290960537,87.65664702177108,1,90.92,0.354
209,0.2063585709906496,0.3991528520435509,3.0362025846003005,20.933532365711752,0,24.72,0.419
900,0.8026859411807985,0.7599853683064676,78.82024534850933,75.35435926209169,1,15.34,0.349
1260,0.8997701688652993,0.7388011735530217,84.26599128583086,93.27989308036572,1,49.46,0.34
1728,0.8475190548695979,0.9820915345370648,64.4829642376748,58.0846917196593,1,98.58,0.309
1124,0.9118230565962332,0.7555550589906687,91.57393461600569,94.06359178218992,1,24.96,0.376
2196,0.944767493138194,0.8469070189872019,58.24348017659895,74.21211198848655,1,67.54,0.079
109,0.8425923953200926,0.8777813604947443,66.3248763728382,83.10843638079434,1,76.4,0.44
67,0.1116124453072552,0.3515436705444348,15.633215595892691,16.304572099973992,0,24.53,0.436
1774,0.8144666913504105,0.795989620963407,56.294155370468566,65.94105294686668,1,73.09,0.015
1105,0.8350233471931812,0.9598792671812884,98.94393343083908,56.74269179940232,1,37.41,0.413
174,0.855467609044882,0.7821708902815867,99.9767993481546,66.95734085605787,1,63.6,0.064
807,0.9170019792208722,0.8297470737680072,54.24350488257461,97.46091443970528,1,63.72,0.168
2104,0.8883138576924396,0.790268881424152,59.80661769153151,87.77957548569472,1,54.04,0.372
910,0.7273312682400553,0.9056147581744356,88.21738478058015,92.3351036250146,1,9.94,0.08
1449,0.9456556757400012,0.967395485918744,62.07888134629412,65.34038405476632,1,83.69,0.409
948,0.717130093015678,0.7335589953707031,93.34739243757843,94.48191644350533,1,32.76,0.416
160,0.7388243523668683,0.7746988374084713,57.25579760786697,88.86809993469484,1,19.47,0.254
1484,0.843852527525396,0.8221980340841043,51.34879371440381,95.27788220219458,1,5.04,0.003
1214,0.780088492116706,0.7097397341046352,96.53294975059828,85.03667175176261,1,59.5,0.144
1807,0.7424662315210075,0.9537841345116302,70.92187745070964,58.912953414015405,1,68.08,0.308
398,0.8726550092649255,0.8667225642157492,97.69989533166807,85.55768099707782,1,2.64,0.491
175,0.3503625823753662,0.3626259830087878,1.1979799109336808,37.97789087589432,0,51.7,0.316
2141,0.7654259638192702,0.8580428532113487,92.99644362305878,57.24533956612298,1,23.42,0.13
53,0.771401698677623,0.7970454454922818,57.69694204803989,53.92668834929528,1,64.87,0.317
1459,0.965503460098017,0.7401874363395983,62.10303940845039,52.845732033322506,1,18.26,0.27
1988,0.9209289772219832,0.9512812043663564,80.32388735521968,63.15416995907643,1,69.4,0.39
217,0.7325607348598446,0.9625311612523586,77.05405320194133,97.3170532477231,1,39.29,0.053
218,0.9550302307582504,0.754419279957014,66.32352049155833,51.51894106427765,1,93.74,0.381
1606,0.8824839621178906,0.8478656828290043,81.78261543750855,53.46164951172361,1,14.61,0.271
2700,0.7068196429123176,0.9414984923859652,57.17526164440022,70.35820805662405,1,34.77,0.481
2184,0.7003575365069089,0.8549381032781768,51.91048676836971,78.88229132303773,1,12.23,0.171
2526,0.8520359603020558,0.7758565929894817,68.97517554952033,97.02707874152404,1,92.54,0.316
2732,0.9601168654729072,0.9637705219941404,89.53621815335676,59.97931838297482,1,87.86,0.466
2385,0.9967465308098464,0.7877844957757552,85.29984503630172,92.11529294943357,1,26.54,0.051
90,0.3080387704146124,0.1340029089108134,12.553669136250283,16.37859788828999,0,66.34,0.469
2479,0.9309794290688828,0.774156749907161,61.274775066647294,87.27048063134546,1,81.9,0.344
2322,0.9982888277104576,0.9631941999207364,84.90938257233987,50.23727305773431,1,55.96,0.034
1445,0.803648445626838,0.7918679865358154,89.34712590799691,69.75049776634793,1,53.44,0.15
1717,0.8611948705413122,0.9710908876013468,85.74929702016293,64.30706467344295,1,24.94,0.354
2083,0.8281342659901718,0.8372780177824315,89.46598507353104,98.51075089251955,1,10.22,0.034
414,0.8642217433673889,0.9617421171784962,86.02747538261545,57.15045083606174,1,89.82,0.291
2235,0.7002333715082488,0.8166504137869773,84.04325487660046,56.82230593246296,1,90.14,0.173
187,0.0753088692773597,0.3339268768018932,9.025576537710895,9.79831920349248,0,63.68,0.31
1815,0.9016310748513692,0.9666397189609984,84.79905115472678,86.96667828458587,1,34.56,0.023
1000,0.9257042285868388,0.7345419608698665,57.61715500153555,80.80663947700094,1,35.57,0.436
1883,0.9806866192620908,0.771276922109737,67.55708001879034,69.50126745812997,1,72.87,0.487
433,0.9907450399691082,0.9431603419995652,96.1942533145791,78.03697475182383,1,89.81,0.484
2435,0.7686437064349015,0.9188047049629424,59.25172145492076,71.8184615804931,1,88.82,0.375
8,0.3426708811520299,0.1241200997881011,23.629361505408102,34.294483539256824,0,78.21,0.065
171,0.2019594937405914,0.2327968629442612,4.529802210083832,4.945329952199584,0,64.56,0.379
841,0.7768799350679123,0.8483247372032411,80.237149614364,59.788048429310685,1,9.33,0.012
1539,0.7923542005720297,0.9064479806476212,71.53584474022551,88.8586184085884,1,17.0,0.011
2463,0.7144569564423274,0.8440452812048422,96.62528650702684,93.01516254123356,1,89.96,0.162
59,0.8854964650340391,0.725420110341275,59.8007801977465,75.57184566437324,1,61.04,0.244
2628,0.8784397469837649,0.8981909029495376,76.55613027497566,96.47956390486613,1,1.91,0.385
139,0.0284105198440219,0.2785815405525199,24.89524163137349,26.137463074972583,0,11.05,0.342
904,0.7465606855998502,0.7870315518045479,62.70995032524765,62.905284032616166,1,66.69,0.223
1763,0.8761585018607196,0.8219209432942087,80.92020699293826,85.10989066524722,1,1.5,0.137
532,0.8531393594344636,0.8047572473216472,59.49859644929937,58.44993924675304,1,16.92,0.499
118,0.2520008515415482,0.2230408353374594,3.3046439467254816,11.258477640541331,0,55.32,0.213
67,0.1116124453072552,0.3515436705444348,15.633215595892691,16.304572099973992,0,69.5,0.226
2026,0.9357796858589592,0.8337548411897534,77.5543899510183,93.87607662928464,1,65.54,0.082
151,0.7208499945786028,0.9169630316732352,85.91990915114292,61.40787784862414,1,23.2,0.397
2706,0.7409092930586917,0.7279883916462365,74.0462665876205,80.20658962741868,1,71.51,0.347
990,0.7888151345352565,0.8543448371640618,92.97039812787509,94.3997207075018,1,24.49,0.11
2020,0.7457189611916591,0.9009184527061908,84.70470893421628,71.8919576695484,1,33.21,0.041
1979,0.9511359239486108,0.7239660440321816,59.91987445041983,99.36545999373546,1,74.9,0.34
2327,0.8548709405750197,0.7312760325508603,77.31305519313199,78.31002834218802,1,65.31,0.327
629,0.8783177556777835,0.7030762715694903,67.86258918596943,63.63217314657924,1,85.07,0.137
2357,0.7567018200005239,0.8039294329310703,96.12793127947296,73.00472886381189,1,66.1,0.475
709,0.8104030107314986,0.8083352360796654,76.21638186483122,62.14977354754684,1,57.26,0.076
1824,0.9300314165629192,0.7144731060280575,91.08339199080442,72.08292505301156,1,10.27,0.216
172,0.0694128515124871,0.15105683454864,28.56250183743788,37.68756028993359,0,37.4,0.472
908,0.7664171848603546,0.9708637892072046,66.60367368559722,89.67166495415368,1,27.26,0.21
159,0.3939774375179049,0.3773125731857452,3.080134266785034,5.109072184153134,0,25.15,0.319
232,0.8673350971088944,0.858832803548294,99.14370545715757,80.20186118513487,1,97.33,0.199
923,0.909530718678616,0.7211035426836138,61.95419600025152,99.06422090671154,1,39.92,0.137
2391,0.9053131822369752,0.7030672899762715,60.93678822886414,76.6801928620607,1,89.31,0.492
287,0.814732348791033,0.8325843622670813,72.42758056360945,52.81973830691418,1,63.48,0.205
1489,0.7992765818496828,0.7241292689246351,81.28156215131173,84.1822864271808,1,79.69,0.447
1841,0.9011196641395052,0.8921908926863161,95.05008389496022,94.47450681339426,1,50.76,0.115
140,0.9514118134974524,0.9809772282808222,69.50134903356205,69.84920285530933,1,58.11,0.107
1476,0.7395829278176018,0.9849732493492304,71.21684963057376,72.7267381871297,1,49.76,0.016
84,0.3833102364664658,0.4506465470229234,26.02418474205912,13.371870469928488,0,20.33,0.326
78,0.123102677263693,0.2715737013378764,8.13631485924758,39.96622371990285,0,72.52,0.184
2063,0.7040887212238274,0.9006693057826745,82.48558475127206,72.93319532426776,1,28.8,0.432
1433,0.768137050483873,0.7766747685675568,64.90495302099181,55.73250509717169,1,3.41,0.237
118,0.2520008515415482,0.2230408353374594,3.3046439467254816,11.258477640541331,0,64.9,0.484
447,0.7138711141645654,0.7090808508029733,60.34443669367625,95.92656589109666,1,18.53,0.093
84,0.3833102364664658,0.4506465470229234,26.02418474205912,13.371870469928488,0,94.11,0.434
1562,0.7581025572659161,0.9296626297981712,71.18490535702426,52.75603056792358,1,95.44,0.388
811,0.7092935966458741,0.8942498462735737,88.32896112683406,59.09701260039247,1,91.57,0.385
415,0.7110231024443319,0.7004687682625809,78.96375171925608,83.86475016697679,1,37.65,0.422
1564,0.7372291112517939,0.8723864116425896,70.45139401724342,86.06517232427072,1,2.53,0.381
117,0.2558727129945705,0.1072882346305892,7.955408306410751,21.288855749920987,0,92.9,0.313
1769,0.9727453587423862,0.8672237368985884,78.61334574603995,71.92110461059865,1,43.39,0.066
203,0.1580112194181449,0.0179099227165899,10.160417810990833,1.447303539840319,0,96.7,0.016
131,0.0063735911307171,0.0258060169787365,16.464549132135208,4.176804307095421,0,96.4,0.46
2649,0.949066545910088,0.7105203686598203,84.77785337505016,60.59178534708801,1,85.45,0.308
208,0.3300376982553771,0.4587480597380959,6.0360445433491305,36.71865813479089,0,30.15,0.398
428,0.9239747644529044,0.8216279366243822,67.15696825474976,93.382299010773,1,39.12,0.241
1902,0.913071769034656,0.8206762251192619,84.31007852488585,76.6655375413471,1,85.26,0.059
549,0.8624266851310844,0.7777602493343969,81.86994959994757,68.86982289356908,1,32.38,0.063
1670,0.9826999691513062,0.8407244948842466,66.8700952853394,57.21830093494735,1,17.78,0.343
1978,0.7791115310938591,0.922151317794752,88.98627080821304,82.27187887166309,1,56.12,0.215
1665,0.997144174066961,0.9703942413131206,84.56849635647859,50.77309982012189,1,93.68,0.1
1049,0.7846237085882215,0.7313765074817735,82.32655774299468,66.02610615985546,1,69.91,0.246
2679,0.8058171321181884,0.9978285952259488,67.11823918693086,59.65000292973849,1,57.44,0.032
90,0.3080387704146124,0.1340029089108134,12.553669136250283,16.37859788828999,0,10.62,0.291
2759,0.9550125572054466,0.9917280261473852,93.64634271220017,67.4837606510269,1,61.89,0.134
1219,0.9052228276851788,0.7838074751468299,69.59458560996757,52.18310529731794,1,99.02,0.399
208,0.3300376982553771,0.4587480597380959,6.0360445433491305,36.71865813479089,0,14.87,0.155
1138,0.7028745958164722,0.7705477820860968,94.28157723212078,58.78545330543044,1,52.31,0.228
1335,0.7800727378737004,0.8731373689108103,66.38324122081042,82.41342581170483,1,87.86,0.006
201,0.7725853556654176,0.965514985446329,69.36504252083219,80.73398270424212,1,74.34,0.036
1283,0.9960170332466644,0.815547703745267,54.78311460208202,74.02391656298627,1,70.0,0.196
436,0.8856887893930342,0.7382474844958002,58.79763420060198,76.9724814837079,1,70.55,0.24
480,0.9412615098690896,0.9104522142249776,65.91559662818563,86.39047662729782,1,36.59,0.3
2155,0.952423928227704,0.748478776411899,92.58189984597726,76.84235727775224,1,30.07,0.146
159,0.8135129590051515,0.7370140692430565,67.9362317193908,80.30043935977268,1,81.13,0.347
23,0.1265548655999467,0.1085858928601833,7.121564471447006,29.214108027349862,0,81.2,0.43
1541,0.9123517733032244,0.8683221879022764,69.26524406526974,72.40040802140318,1,86.84,0.39
2430,0.7638792615736949,0.860599168207215,67.22654958449901,60.07695046128892,1,91.41,0.02
1577,0.8895908165600557,0.9015234294329731,56.97286986948389,87.20033244564814,1,51.62,0.24
93,0.2571108874208988,0.4214163097191715,21.03968448224932,33.286791993948086,0,50.65,0.052
88,0.3461014930257164,0.3585062044182381,11.940700465362244,7.277494677665106,0,80.03,0.121
2611,0.9606624862361368,0.7873067377361778,55.10172099979345,53.23017265604816,1,65.35,0.493
8,0.3426708811520299,0.1241200997881011,23.629361505408102,34.294483539256824,0,70.49,0.071
77,0.9715153972264884,0.99346304045789,89.25694549775068,66.9458944674112,1,79.78,0.249
385,0.7053327876573391,0.7069743344554633,53.939643660931225,79.81117974131334,1,89.11,0.309
2198,0.9924203264649484,0.8405146750738318,52.73078452369725,87.74368703964372,1,34.46,0.351
2476,0.7489648206169723,0.9897540007914156,50.77432203418662,77.44142228099743,1,38.18,0.28
2414,0.9276264586054944,0.8347266656415933,63.65123134012791,93.05317046607988,1,10.3,0.005
628,0.8650004304855495,0.9193970048695372,91.30689280943676,61.69059359599751,1,58.25,0.163
49,0.8013311589887891,0.8270298855351621,58.23040469996499,92.49726275576,1,4.56,0.259
975,0.912784402377325,0.9144153416310372,60.41412531483333,55.57284280253704,1,47.09,0.044
1315,0.716691655270993,0.8731802251633969,57.66544668014151,62.49948170463868,1,54.72,0.175
404,0.7340490218802592,0.7666806010567733,65.72437810671735,51.93417451590586,1,29.37,0.017
1621,0.9538326750507422,0.8723315899766555,84.2654155655961,53.9653236250609,1,59.49,0.039
848,0.91702593653647,0.7646552856017541,59.266668001058136,51.522661866035854,1,4.02,0.198
176,0.713079612818401,0.702272866994168,62.00845237083863,87.5135879228673,1,4.7,0.066
1997,0.9244348033335658,0.8312609791277807,84.33224424084906,59.065659171026375,1,82.44,0.284
1418,0.8205415025310521,0.7640293215872223,68.82732557827669,96.29178377965655,1,36.66,0.345
2030,0.8729615171877805,0.7137881276973518,89.43956189705898,99.12532090747882,1,13.58,0.4
647,0.9279627047983428,0.7998554165701451,99.44116797814968,86.97876905661738,1,52.7,0.1
2003,0.9546614830372592,0.8274068345298745,66.88920844980369,73.61863728085653,1,77.23,0.084
2507,0.9401365910496288,0.9103330556346384,55.80216524683733,51.32791554734244,1,22.37,0.052
205,0.262387227201876,0.0860984945046001,14.957203690435616,2.335797921376219,0,62.67,0.318
90,0.3080387704146124,0.1340029089108134,12.553669136250283,16.37859788828999,0,9.45,0.353
2575,0.9149066481779826,0.9361022791901362,50.41359021762105,97.61812502772662,1,6.12,0.016
2266,0.960836250105242,0.7760116401928714,66.0159251442114,85.7549253429886,1,53.6,0.468
2074,0.887744064632252,0.7717205123557758,71.24232062447744,85.66792939887459,1,54.52,0.026
802,0.8448907356436288,0.7013578486221291,95.16971766176692,91.47471032939028,1,64.11,0.271
227,0.9828163681421116,0.8821762386490406,53.75346762670975,92.13637228431536,1,72.88,0.355
1886,0.9025380688783506,0.8156277172588515,62.11609772597079,80.43426201872931,1,97.61,0.435
842,0.9475896870940608,0.9600542074268432,58.36986224554361,52.60518216594177,1,52.11,0.357
2171,0.8239299011269197,0.91128517152986,56.51471019774145,74.20613795717152,1,32.97,0.401
2111,0.8594284578428248,0.8959995591722022,98.57744181828818,94.59680052863824,1,79.72,0.17
1753,0.7767162397983582,0.9546816975371222,70.71497766589245,80.87482678845076,1,27.81,0.407
1576,0.7287713589445382,0.8821665180823863,64.59083192793024,63.292141138632005,1,44.46,0.04
886,0.8661583669858542,0.9390138594151438,83.88120000730136,59.01252921914592,1,8.77,0.447
2364,0.8258441538539341,0.7150326336768712,62.27920561560572,65.11022872369023,1,3.51,0.274
622,0.7718073977252635,0.8988755619985864,70.04221874749138,88.51763561927885,1,96.3,0.409
2578,0.946107482949914,0.89281287917945,67.08439401171277,63.25928387534854,1,83.76,0.226
1330,0.7845006971249324,0.7034461271041088,54.40143932631004,53.24388304196548,1,69.9,0.322
254,0.928030289680724,0.9628465911080362,78.88271822936767,72.75851462755807,1,41.49,0.263
2150,0.8350905903571727,0.9868422017694918,69.48055677153829,61.602031864732304,1,18.16,0.366
368,0.8246488462099525,0.7472589969660939,72.69906334630318,88.76309422010092,1,16.49,0.041
993,0.8339552682296687,0.92313777886444,91.14996064702972,83.0582210337466,1,25.77,0.03
117,0.2558727129945705,0.1072882346305892,7.955408306410751,21.288855749920987,0,55.37,0.124
175,0.3503625823753662,0.3626259830087878,1.1979799109336808,37.97789087589432,0,71.74,0.08
1647,0.7458194602948732,0.8407280456656574,53.72245109807115,53.27701650047528,1,66.36,0.436
1026,0.877052059821161,0.8192599157038286,73.41276956028594,56.98188441789952,1,28.71,0.11
1460,0.9799098736830344,0.7347659872090928,92.64292969390011,89.82081449764839,1,95.53,0.488
1758,0.722447683869966,0.7903511805888509,54.637168675805306,71.01690388888387,1,74.05,0.168
927,0.8323372522706514,0.8047868405654277,62.91267361122024,69.62136861575253,1,55.88,0.091
2065,0.7361411701266015,0.8754059322060207,80.75249386974932,67.69903666408973,1,61.56,0.395
1317,0.9138109163900312,0.8827460760295679,98.02642978760696,51.08919842520576,1,42.54,0.329
67,0.1116124453072552,0.3515436705444348,15.633215595892691,16.304572099973992,0,25.53,0.249
1395,0.7896854138258669,0.788481832202255,67.52242233308478,57.202045094738,1,36.24,0.278
659,0.7437521336017731,0.797206039255565,71.95352917757413,53.44797444241812,1,76.03,0.36
168,0.7154026581948126,0.9436407078290372,51.56009456279281,86.82897893851884,1,2.42,0.114
349,0.927148669686506,0.735584428121731,77.19087641386784,52.32914074921537,1,12.49,0.498
175,0.3503625823753662,0.3626259830087878,1.1979799109336808,37.97789087589432,0,5.55,0.487
110,0.8076945567799114,0.7386162853994127,79.86653799235148,99.2952129796679,1,5.03,0.325
2626,0.9767050189647448,0.9639258534326826,82.69053476052346,94.64153174234472,1,85.69,0.1
426,0.8208195920470388,0.8133227221995715,73.93251180127547,88.88097911463399,1,70.66,0.34
2630,0.9600571210616524,0.9497659935645808,78.52028742758704,84.51466992160891,1,47.94,0.036
1701,0.8423018008317207,0.9074271485320686,50.82369995727399,81.46068278229323,1,10.69,0.015
70,0.7732672093327291,0.9778540266470804,63.803943985513314,95.41319767573862,1,49.67,0.129
2195,0.8940165380914002,0.847973317105971,73.562547901258,80.02845964338887,1,47.87,0.231
4,0.1921098934509191,0.3480492978533487,24.335811715161054,4.586242375463021,0,18.15,0.434
67,0.1116124453072552,0.3515436705444348,15.633215595892691,16.304572099973992,0,43.95,0.364
862,0.94767419949262,0.8355979991596412,79.88895928584726,82.99435084383227,1,40.45,0.371
558,0.9192749557140956,0.9701464182441611,79.4803512023079,80.212215150115,1,61.97,0.213
2449,0.8589256275462358,0.8083614104947117,66.11326328478884,52.48955255851501,1,63.87,0.173
2022,0.7028592450363216,0.8143296332147429,96.13981479260192,99.89042492683993,1,5.49,0.186
19,0.3451265074638366,0.3308472142025611,28.614620627779765,29.605319290404303,0,38.09,0.494
1862,0.7225804349232967,0.7454721777884927,67.6115441795148,92.7345229252012,1,62.96,0.02
90,0.3080387704146124,0.1340029089108134,12.553669136250283,16.37859788828999,0,50.81,0.434
376,0.9749098234775836,0.831640790272627,69.27083863646405,95.62751320977632,1,85.79,0.289
2243,0.9999215444577538,0.7760685051211509,71.67281560074885,50.80589109188512,1,66.21,0.219
135,0.1634222798188053,0.1869873828523982,24.62639138789378,25.43952048485152,0,17.13,0.363
812,0.939175196494562,0.8877068068838251,88.96667653126545,62.6547808481796,1,7.99,0.243
93,0.2571108874208988,0.4214163097191715,21.03968448224932,33.286791993948086,0,64.6,0.437
1320,0.992142715442741,0.9788356524888682,51.90149205080533,73.21606997842953,1,3.62,0.45
2629,0.8528117045080443,0.9738787765953508,75.78232110674853,67.2680507117718,1,58.99,0.211
2551,0.8324703048987098,0.780704086711995,68.7745385261784,86.16032213765578,1,94.08,0.138
139,0.0284105198440219,0.2785815405525199,24.89524163137349,26.137463074972583,0,57.97,0.296
2386,0.8661717702245404,0.9668728103620298,65.28566564524623,76.73880875452431,1,39.43,0.456
2058,0.9975464662685,0.8206005995576681,57.40728137227247,51.31391526794668,1,64.69,0.105
136,0.0771312060828203,0.2382261838516497,27.84108641996016,25.57341601664507,0,46.37,0.311
166,0.7067341892520219,0.8889455005067574,61.271511563619086,71.77083326084144,1,55.02,0.316
205,0.262387227201876,0.0860984945046001,14.957203690435616,2.335797921376219,0,94.21,0.367
160,0.2716790913360989,0.2369277450115033,7.010511784498414,25.99499027466517,0,39.22,0.066
2140,0.7574801909705894,0.848691126984919,94.55901758761507,95.92711778463637,1,96.16,0.358
31,0.2973835106663928,0.151781576223169,15.43241979532718,18.70019574529316,0,90.63,0.455
624,0.7844629925979808,0.9268909527143144,73.79479126677877,62.54427131619901,1,20.38,0.09
1911,0.9713892853808284,0.8348771686984084,69.32695753216848,82.48861921732151,1,7.87,0.119
105,0.3006065537271367,0.3302776599791075,1.0721871432442198,11.45378856883426,0,10.98,0.486
284,0.9104736456378704,0.7966504324951725,71.05336856267148,89.44218429514923,1,2.8,0.09
138,0.1561368125129874,0.168130239585135,7.29798384661383,16.533532245205706,0,10.35,0.427
49,0.1620838210583392,0.0158404053626592,3.750272343108592,36.35330382762937,0,68.62,0.246
57,0.0715580052691419,0.3152632675987185,5.975628122725038,36.01746958635214,0,8.05,0.124
434,0.7124007783683272,0.9009556293081552,93.96439798803654,69.67108596220041,1,32.58,0.435
1691,0.7021729104696207,0.8708675333506453,53.07693989824567,89.9837387533754,1,84.64,0.223
154,0.247618733109793,0.4373803134686558,24.7895654150566,14.01074509039885,0,3.3,0.257
2000,0.990887143804048,0.7147111635672425,92.8116814823202,65.09990787832797,1,81.63,0.18
1442,0.926933231886632,0.9076112458828977,67.03823105778272,98.71734752006262,1,28.9,0.296
1842,0.7337092735775007,0.8412907224992814,76.78401494056672,61.31538233702408,1,12.7,0.082
204,0.1426158003274197,0.2317305924214117,11.475557678291011,10.679827314387287,0,69.98,0.196
58,0.9131171487275884,0.8472545790278435,51.420978626237456,68.9866777986158,1,63.27,0.485
2267,0.8209485655980182,0.7621606307066632,66.17258358287472,76.5627368462061,1,87.87,0.129
46,0.7557600109156601,0.7520678920114692,69.19035998008249,66.83230281530231,1,73.77,0.328
236,0.8913217669532422,0.8820524434206312,83.42657002035442,91.18668806946312,1,80.54,0.163
1318,0.890733219338647,0.928901815419644,97.8606877406786,53.81626438416673,1,28.92,0.387
67,0.1116124453072552,0.3515436705444348,15.633215595892691,16.304572099973992,0,18.57,0.065
816,0.733629968244381,0.9074842693523884,82.89864671072007,60.66714487866453,1,75.31,0.485
686,0.7533691515916809,0.9735539088545416,87.23264320843299,97.0448261570225,1,80.88,0.227
97,0.207900293211546,0.1652048691944663,13.567517348210393,6.158044153174029,0,99.06,0.118
209,0.2063585709906496,0.3991528520435509,3.0362025846003005,20.933532365711752,0,41.85,0.037
2144,0.90903989579656,0.7757051497233399,62.06672517032942,73.49797956250346,1,37.83,0.085
78,0.123102677263693,0.2715737013378764,8.13631485924758,39.96622371990285,0,77.86,0.26
2545,0.8654509034608524,0.7747575342438873,94.31844869282185,58.26268253504954,1,34.74,0.169
117,0.2558727129945705,0.1072882346305892,7.955408306410751,21.288855749920987,0,93.14,0.414
467,0.9580059698172548,0.9376970958298806,88.60602214556332,82.84883431862227,1,85.98,0.215
1394,0.868275474138056,0.9761832224709792,88.44609590814638,73.59058692955539,1,43.47,0.124
158,0.8566057069587782,0.9122561001927358,64.47098518701102,65.35683572613671,1,75.34,0.309
44,0.9364181328394144,0.7349011258480159,74.61096112779413,87.09370604630836,1,75.7,0.353
67,0.1116124453072552,0.3515436705444348,15.633215595892691,16.304572099973992,0,11.21,0.084
944,0.8394121730370514,0.8457377998754902,69.36712946145794,50.10377322646451,1,90.35,0.084
2037,0.8425228767857049,0.7760608277728591,94.09775637795904,70.58806618520272,1,51.02,0.018
1500,0.8647696564847069,0.7394713846850722,67.29708751137842,97.68713117114017,1,82.82,0.368
2448,0.7287336360949648,0.9191909768897536,51.908274926491394,53.78950245695442,1,32.68,0.332
2420,0.8824752557746685,0.845493600212611,96.97390826468872,62.33083946614237,1,89.66,0.237
1408,0.9091551679489082,0.8881398935088792,67.06706508250657,62.417202677630414,1,39.53,0.422
2729,0.804671212338542,0.8982059499991238,65.79695386037614,84.96533327866494,1,2.07,0.403
209,0.2063585709906496,0.3991528520435509,3.0362025846003005,20.933532365711752,0,90.63,0.293
2146,0.7741421907005275,0.9178641179262312,66.56207725566895,84.83743141604755,1,10.04,0.434
215,0.8965321617076406,0.8969503408976309,82.15067800284713,74.1282819649647,1,32.61,0.103
2531,0.9476248420817772,0.8692920451711532,81.76091208471749,74.16614095202165,1,95.06,0.056
2041,0.8987326817522687,0.821861732736124,77.81780240049409,94.022889514409,1,95.11,0.135
750,0.9690266730012822,0.8134364663834324,65.15858815840927,62.31341774314916,1,57.77,0.029
2537,0.9499887775143564,0.959433553583743,96.24445511025417,53.77951418547874,1,63.55,0.266
1359,0.7430580448009559,0.9669171854306624,87.96056944673188,70.77314073237082,1,45.4,0.468
636,0.8487406023526651,0.9513345719454978,64.91263694719837,50.12539776298777,1,30.03,0.02
599,0.738941561279206,0.9047247767439888,51.19691553113384,73.11367620595051,1,33.54,0.061
1342,0.7185452527940437,0.9037955315623506,93.18025830828176,89.4586024672222,1,67.58,0.226
2540,0.934032099670416,0.7368097645536336,55.44862958500524,56.272981848250616,1,75.49,0.467
43,0.0256057301739764,0.1050356599480437,17.911852659551077,19.18359580471989,0,79.37,0.158
771,0.7486228505771747,0.9459721476050184,51.18402267943498,81.09573661628008,1,79.17,0.254
1663,0.7284302741184587,0.8288727202718619,95.65742600012824,55.43493771562471,1,10.03,0.021
1959,0.8561303154684148,0.707928174132862,53.23152495025887,65.04331548849822,1,49.95,0.074
311,0.8571355936107439,0.9136594825555898,67.18528298174964,97.34339008604732,1,6.7,0.493
405,0.9550641188324294,0.7265221448696083,82.16099738215428,71.48483849393713,1,55.4,0.483
208,0.3300376982553771,0.4587480597380959,6.0360445433491305,36.71865813479089,0,44.71,0.002
167,0.2746005470747055,0.4395347803073965,8.834304795457433,27.34915474680391,0,88.88,0.476
2511,0.899574149218982,0.7804357501702882,84.748622129186,70.87246529971979,1,35.74,0.32
1103,0.8438984490446435,0.961638059429374,81.20446586368655,69.30950910818133,1,12.59,0.434
1210,0.8827341664681174,0.9235277325172682,60.95602729737513,59.37742510570463,1,15.16,0.227
2498,0.9712427335020316,0.8934743012577212,76.76612531247861,75.60049436690507,1,76.39,0.258
1664,0.8809458959091219,0.9088129536905496,94.11458652438112,68.4388576824774,1,62.2,0.244
491,0.9550616727510371,0.7311574484222486,70.38625073570473,58.31838149030791,1,11.01,0.333
464,0.9528556984216474,0.8173205568991389,67.90549111140896,94.3230852899787,1,9.33,0.07
171,0.2019594937405914,0.2327968629442612,4.529802210083832,4.945329952199584,0,70.4,0.015
188,0.2935550191095228,0.1407053772576807,28.82965874287824,36.52352784912636,0,8.2,0.154
2604,0.8292453645848283,0.770689790312987,64.6881186396266,93.43567967765358,1,82.36,0.352
1271,0.9442149127942564,0.8530697813752182,92.66608841309748,88.83632513841619,1,70.92,0.101
845,0.8474628647369143,0.7511650174593998,90.96971576204568,59.52223173207047,1,9.05,0.337
2682,0.8499259837035705,0.991527036225456,63.54895780089446,84.16809383562644,1,9.4,0.485
1903,0.8452474801388721,0.743184857481984,83.54653148233133,90.4280025151734,1,98.68,0.047
1929,0.8290431462363226,0.9356033983528372,88.41458636427683,65.05497387331599,1,38.05,0.336
259,0.7200684070667805,0.8487643476496588,89.50597352636044,54.56921925510157,1,37.69,0.222
768,0.9339378516168312,0.7273222774480855,90.96486614277978,70.25262216667565,1,81.47,0.434
598,0.9398550309772276,0.716739587561905,69.65710765283794,57.23724805301016,1,94.78,0.089
1089,0.9572235510859936,0.8962866517555628,52.4936076082686,93.28695542938311,1,98.61,0.346
140,0.2267225974301299,0.4503214450868068,15.951404989649175,23.409864645990343,0,75.58,0.419
844,0.8213763975400624,0.7703683277851203,71.95627037368445,79.27066996774593,1,38.25,0.472
1327,0.9124403462522692,0.7090499498251456,81.86667091874972,60.16994874175413,1,9.27,0.342
1269,0.8696860179165744,0.9033363922890292,91.39154550615356,82.63766142424498,1,77.94,0.249
663,0.8007665207414872,0.7367414757259123,74.22827057174132,87.5121067170227,1,56.28,0.309
2098,0.7977128555649883,0.726331365406339,74.04078082947134,94.33878945626869,1,43.0,0.434
209,0.2063585709906496,0.3991528520435509,3.0362025846003005,20.933532365711752,0,90.73,0.285
2064,0.9858154999744226,0.9578258899033044,52.1269940311278,67.77986768339616,1,12.01,0.015
1668,0.7013010295327826,0.848355345490739,51.01674214796594,70.67061977449407,1,49.77,0.465
1146,0.9361527131408492,0.7239892885647188,70.02293268787614,92.83351291015566,1,2.12,0.345
356,0.7558062470966834,0.9148978614419347,74.47917325407688,64.83350254798634,1,47.4,0.338
2075,0.8891546650952107,0.9840830944743362,81.84457455788012,91.36994610843138,1,6.57,0.108
1632,0.7242237951366199,0.8569721338223999,71.27073276363757,57.4535729041062,1,12.76,0.329
83,0.3383950908949029,0.0960026728843042,10.007994882810022,35.148524778037185,0,12.64,0.197
87,0.0799928255238566,0.4003963126936407,24.86031053093778,26.148449983464133,0,65.27,0.326
1832,0.9878603714478806,0.9502547717234296,95.12095662467382,58.55616302650196,1,74.86,0.053
1428,0.8495078435553951,0.7533397921046697,70.05229605237908,58.662331965417366,1,58.75,0.329
297,0.9003865220266616,0.7655475978778613,83.28360848209229,57.20842341482052,1,96.26,0.5
136,0.0771312060828203,0.2382261838516497,27.84108641996016,25.57341601664507,0,38.11,0.024
191,0.0161770631416864,0.4409917155369587,25.87162654963354,8.031206922012863,0,29.29,0.489
1899,0.989808660825747,0.8318995577744179,87.564326699428,77.11452847864963,1,86.99,0.203
1273,0.8156747774742782,0.7558458334639799,64.85137116198197,86.3032276686179,1,23.14,0.435
828,0.9960428806846822,0.969142347743258,79.77490259669753,97.26185836588024,1,96.36,0.391
1801,0.9182541704258296,0.7829100175555639,55.827192181530414,82.98994809109514,1,2.2,0.284
82,0.0601150824333887,0.2055077179248813,24.87450225654606,13.719458919732409,0,97.02,0.369
551,0.8433849121894359,0.7872653493611871,94.3473047107078,50.169250033334805,1,5.27,0.439
124,0.1677235104769977,0.3367300255577035,15.08345534981136,24.262575778023017,0,89.22,0.202
1200,0.9245880648915026,0.7610798681133372,79.95956330012945,61.29980273686368,1,53.24,0.164
2527,0.9269661199393716,0.7507224019577662,99.82981183858304,77.35034927264223,1,99.3,0.334
1879,0.8353748271310117,0.7620087085017782,74.0385770546008,74.79005890696595,1,8.31,0.404
1581,0.8059631651340395,0.7076689016953797,67.82812719515493,51.69012831895152,1,55.83,0.381
1337,0.7309419190538661,0.9210913471339888,80.05923410921102,78.51171479135697,1,96.96,0.399
1715,0.9647808477496628,0.8942367499112176,89.32027359615378,70.92421709271824,1,52.79,0.218
737,0.8882164268724471,0.7858834296164589,63.50868911009102,98.20633469352056,1,63.31,0.409
67,0.1116124453072552,0.3515436705444348,15.633215595892691,16.304572099973992,0,69.88,0.06
209,0.2063585709906496,0.3991528520435509,3.0362025846003005,20.933532365711752,0,46.0,0.272
469,0.9862901992197028,0.8141406594557256,68.44689527544088,71.3430189453435,1,63.13,0.003
2704,0.8177568063275937,0.8493943775940783,55.558832514442,62.53263646870277,1,58.85,0.162
120,0.254007808312271,0.2626282805172051,17.07173990056921,29.859293478952075,0,90.21,0.183
135,0.1634222798188053,0.1869873828523982,24.62639138789378,25.43952048485152,0,5.5,0.198
330,0.8307752008250233,0.7242154730259006,77.83227374551387,96.62932663942428,1,28.82,0.348
140,0.2267225974301299,0.4503214450868068,15.951404989649175,23.409864645990343,0,95.09,0.194
213,0.7238878034948953,0.7205709344152085,72.48018210502669,57.19743869232666,1,89.14,0.224
2743,0.794266902874275,0.7168128890076642,98.42946699203468,87.83549718942076,1,46.11,0.119
314,0.992712405997254,0.7147072146990201,87.13215265356051,84.44849801115858,1,62.39,0.187
1839,0.8463852996965424,0.909654101151593,98.4483746034228,55.42702425260217,1,28.46,0.114
90,0.3080387704146124,0.1340029089108134,12.553669136250283,16.37859788828999,0,19.62,0.037
212,0.8296196579780011,0.8880096278951065,59.80372102665029,90.03163021117517,1,46.91,0.302
206,0.2647075535876806,0.3712817332209803,16.42582029765776,11.89187757310648,0,35.98,0.334
623,0.8716869252515388,0.9377833360301392,68.98511224859472,51.124672270793866,1,58.78,0.31
2747,0.9764705839613438,0.7834406473977237,86.3431061186447,81.42493254772654,1,8.7,0.232
2410,0.8750646388623674,0.9580054760580248,55.86817697962165,53.84845117392052,1,97.47,0.19
1050,0.8909684506444151,0.8807592358576553,59.67493806920884,54.15825205101287,1,98.63,0.432
2570,0.8552718007533995,0.9439561107143892,65.58834200905022,66.68310377483014,1,70.12,0.26
5,0.2063027611280397,0.2150243979322619,11.947374698000448,33.74996066937757,0,54.07,0.24
2621,0.808475496164237,0.9063838455560568,65.5210155552229,71.12590027093336,1,31.64,0.013
2394,0.8961015430451627,0.9162103729117628,73.73154504000365,78.63732748286868,1,81.57,0.171
970,0.8137219516625259,0.8080952029833566,80.90738437317063,88.3996667433845,1,68.79,0.19
2261,0.9293837156495944,0.9840259590834284,85.00964067041807,89.50857045435734,1,17.1,0.199
1424,0.8160316095365912,0.8735769801875506,92.12748086096065,97.92451519326391,1,91.18,0.29
1910,0.9684468333180336,0.7187195015459696,69.16079083892294,73.01640045567373,1,82.43,0.267
241,0.7997959331648805,0.8486783634147796,85.09539762626008,97.35822454753406,1,95.03,0.304
2319,0.892845530051187,0.8750804690111277,63.37332358110545,85.7204541324234,1,72.85,0.382
2715,0.8593169732200098,0.8740176392506425,64.87599656469851,76.14572677863927,1,61.73,0.406
1860,0.9361707937994076,0.959783925212612,57.01535240635115,55.36592077807509,1,42.41,0.359
962,0.705057398025781,0.9363386514862136,98.42587606592986,91.0363515159261,1,93.34,0.478
131,0.0063735911307171,0.0258060169787365,16.464549132135208,4.176804307095421,0,86.74,0.009
1331,0.7300634202631695,0.9557577322725652,92.2295699656238,67.33653249434936,1,5.48,0.098
2100,0.8558589309690943,0.8275083592879426,57.50655321828578,54.47797744075477,1,3.61,0.004
56,0.7830185767304125,0.8632301496840924,72.12352156873206,67.85207814778329,1,38.27,0.324
162,0.1383663929828633,0.2484982319789087,22.259732154130266,5.39636990030909,0,81.24,0.449
2173,0.963828357037467,0.7424687746144427,77.52543597687367,50.10615001824785,1,98.74,0.122
87,0.0799928255238566,0.4003963126936407,24.86031053093778,26.148449983464133,0,15.89,0.464
1387,0.8242575531689639,0.8079162801402149,62.752382327383565,66.67299867768148,1,59.82,0.03
2612,0.8228281150189981,0.9501891276613904,89.77995263655421,90.07399020337655,1,38.71,0.467
2584,0.8870242098024181,0.8397364932271769,73.59422489688063,62.54431046467217,1,97.02,0.176
1025,0.93988203890351,0.9357821140504364,99.71970119083974,84.87091828671484,1,84.37,0.051
2078,0.950494120781742,0.8933385811111254,80.5198890016604,74.8984624565989,1,83.99,0.243
179,0.9245160567370962,0.7273894647130656,78.68913603268216,87.76446856735518,1,47.4,0.128
30,0.8311578792672626,0.8930856262607497,89.11902684771002,80.93216875174646,1,42.07,0.142
173,0.7727568448260216,0.7055525247913621,74.4967812540869,57.285110834401664,1,28.07,0.154
1499,0.7160127784929574,0.970769425008282,86.72823361058857,99.57786198382507,1,6.58,0.402
198,0.0719527728040793,0.3779894204016167,27.98774484837531,6.190479585005635,0,86.61,0.27
2244,0.732640284407808,0.8772417406649675,85.18567930313091,81.4345931091292,1,81.48,0.156
106,0.3930809474079749,0.2490303531178244,16.499553144259423,9.279752294655378,0,99.97,0.305
1006,0.9536115041237884,0.7012071882754234,83.10554085661322,75.88663100764003,1,99.67,0.358
1161,0.9898776926701248,0.7400101299341892,53.50007624706915,50.689549239424025,1,55.99,0.136
1116,0.7720991671462653,0.7769092813326192,89.02255754663608,65.259804293225,1,77.13,0.207
2663,0.8101890190649873,0.9251023629513492,87.32679249777681,82.70570870052494,1,94.53,0.061
31,0.2973835106663928,0.151781576223169,15.43241979532718,18.70019574529316,0,85.12,0.091
120,0.254007808312271,0.2626282805172051,17.07173990056921,29.859293478952075,0,25.49,0.341
304,0.8277947602653355,0.8032852495686246,78.95727147049631,57.79476540146486,1,45.6,0.091
348,0.9067820236075972,0.7477783503273452,80.08617463508752,56.33751411740266,1,13.79,0.263
188,0.2935550191095228,0.1407053772576807,28.82965874287824,36.52352784912636,0,95.45,0.355
2676,0.8839841802049706,0.9271996033103732,89.58778021785751,77.48788328229662,1,61.01,0.053
2609,0.7251899774993305,0.8720714611488406,50.26875098227173,90.80508966805404,1,23.64,0.284
1821,0.7992589174139829,0.9936958719896714,82.92774908646322,95.5425503736304,1,67.5,0.128
58,0.3505149629403989,0.043174818427761,22.122274343776898,7.06735028105919,0,62.19,0.481
1097,0.7389651684026711,0.9476406431191194,82.03758115860242,88.29831043145045,1,36.46,0.242
325,0.7148406282731747,0.7011982121331604,93.84626865378888,80.02407674788716,1,12.24,0.403
95,0.7319850877583072,0.8162499642639229,93.10999242445251,85.69621013268602,1,67.49,0.275
2442,0.8404905150573065,0.8015456890145901,83.1931889161139,63.44539190980166,1,52.51,0.022
88,0.3461014930257164,0.3585062044182381,11.940700465362244,7.277494677665106,0,77.46,0.317
71,0.215999032502757,0.3646658829205706,0.6020217650169091,24.25152777156552,0,52.5,0.476
982,0.9301082383488808,0.9713227063186274,97.66444953852516,75.56675952172354,1,85.37,0.301
1939,0.7449160613991173,0.7565154268941359,50.48678028494674,86.88078947204869,1,55.64,0.41
176,0.3002851913970628,0.0936160612444753,12.1627173414112,7.877303998789182,0,56.53,0.442
2752,0.8874350174652518,0.9246884984823942,81.22263902449524,60.46534429082182,1,87.79,0.114
2487,0.9343584182696764,0.74997728985128,95.82398152235376,58.02727118166027,1,40.94,0.106
419,0.7113423311857371,0.7732585818731658,65.83823692836735,93.71373007429008,1,14.27,0.305
618,0.7884288839289532,0.8747873742837564,59.98540848216828,74.61553200082,1,3.85,0.206
98,0.3783332421376331,0.2210849873784504,11.205280691351732,0.0408380036011779,0,75.76,0.42
2275,0.7222224599950833,0.749139226525914,98.42642749394888,80.56302458978242,1,62.41,0.45
5,0.2063027611280397,0.2150243979322619,11.947374698000448,33.74996066937757,0,70.7,0.177
2652,0.9917872585388352,0.8784606596613471,68.3147011719571,53.33474446687988,1,22.08,0.118
2328,0.7919023989324457,0.9709089089737476,84.25952070893558,50.837790873474695,1,14.5,0.39
2544,0.9777829814841414,0.7183929055017212,79.39971717701026,99.22628961801428,1,2.44,0.137
1742,0.7949514314617446,0.9898204819064736,50.72638830463119,93.06616854141645,1,35.71,0.411
291,0.9848358480618924,0.7774994976574129,94.10541247197608,57.58275643212763,1,59.4,0.212
719,0.9641245691290988,0.8397306545269503,87.29758735436948,57.624616322095,1,39.83,0.334
1522,0.8058761466324309,0.910870440968338,81.06555606586971,79.16062906369461,1,44.31,0.048
850,0.8052431887860576,0.7899639191164146,97.4565357614918,53.42235962384698,1,90.51,0.312
2122,0.8278834168626975,0.7297389560988017,74.7158675631033,94.17347829870327,1,35.48,0.226
67,0.1116124453072552,0.3515436705444348,15.633215595892691,16.304572099973992,0,51.88,0.293
154,0.247618733109793,0.4373803134686558,24.7895654150566,14.01074509039885,0,78.58,0.084
191,0.916420301101384,0.7844316627375889,56.04618809093565,74.23586601545938,1,40.26,0.368
61,0.3230284155692729,0.3567302122733369,20.91838152561116,28.77150316082399,0,62.59,0.431
1498,0.7119423933740281,0.8805249083510901,50.339824367051136,79.81689875615521,1,86.37,0.108
521,0.7530132469816335,0.7749021984359303,56.99679122783245,85.27319091754151,1,95.0,0.048
18,0.3577616882102672,0.1964705525500119,29.47192054989665,31.45140853270371,0,15.56,0.012
2490,0.9154468028551656,0.8669285821103161,84.99738191422307,70.59639112838433,1,92.73,0.321
2246,0.8726963183269804,0.997489623779576,89.1737774303105,95.97390223067303,1,49.72,0.304
1999,0.8384670221973147,0.7547368937873253,69.13781999268646,52.672386706589926,1,26.57,0.273
1633,0.800175239572098,0.8600344930672185,81.72127496026121,99.17374088309978,1,46.45,0.116
162,0.1383663929828633,0.2484982319789087,22.259732154130266,5.39636990030909,0,98.02,0.195
1091,0.9123312472884432,0.7196188578433999,88.81344567903176,67.1681332217342,1,49.77,0.297
577,0.7836905012930941,0.9409072931046089,62.29055557122532,86.61499319868244,1,33.55,0.248
162,0.8292114743531,0.8043330168456025,51.940765558393394,82.90749474496249,1,63.71,0.494
448,0.7598153652372364,0.9285660407422964,78.45731290353136,54.46843558231753,1,24.77,0.068
559,0.8746292834140217,0.8632697969186577,71.96360075716008,79.13019556141482,1,8.51,0.348
2340,0.8888425221880681,0.9862486021374234,88.73436367560691,70.34890731786645,1,13.76,0.202
167,0.2746005470747055,0.4395347803073965,8.834304795457433,27.34915474680391,0,13.68,0.214
143,0.0637599927071558,0.2005612001625403,24.169009432074457,23.24209782315105,0,16.04,0.359
17,0.9619349293196272,0.8844283184233857,54.32670682410114,64.96037205117433,1,14.74,0.346
2520,0.7357670577344879,0.8244062921583938,86.67407264117655,67.5841813838545,1,64.45,0.496
1170,0.8125915951158442,0.7951783212687864,81.11737468510009,87.39534640563052,1,19.01,0.064
1398,0.7196715956255193,0.9798044321265192,82.49613351847266,73.41301098871502,1,35.22,0.052
1792,0.7966741363391482,0.8862036279674186,89.84171299275937,57.5747437863015,1,89.78,0.362
209,0.2063585709906496,0.3991528520435509,3.0362025846003005,20.933532365711752,0,47.92,0.289
2716,0.7156212884575549,0.9596044648896904,57.11665855167291,94.56654016925822,1,67.09,0.137
1855,0.9177537795860352,0.962863922716044,98.88030447676935,79.53395695417396,1,18.06,0.04
2133,0.9352159896090474,0.7150528762554431,50.14623341951346,93.99942806612503,1,20.04,0.043
2050,0.9942315567342486,0.9351691630771644,57.944386459338936,95.2372815216172,1,5.05,0.447
57,0.0715580052691419,0.3152632675987185,5.975628122725038,36.01746958635214,0,17.72,0.096
156,0.059955676977881,0.213679721589717,0.0481350684656201,18.862577867606404,0,28.58,0.162
1043,0.857360816807107,0.7903358448539639,78.11390920020561,78.11624629137312,1,18.52,0.113
858,0.9528377194678672,0.8459853884841472,50.343141045010434,91.532071846552,1,9.78,0.177
1209,0.7182871240385198,0.718876031512924,66.32068710875696,80.16291243718737,1,12.94,0.035
2265,0.7132810977278535,0.7757090946748072,85.88781024508083,50.02738609115457,1,46.62,0.26
175,0.3503625823753662,0.3626259830087878,1.1979799109336808,37.97789087589432,0,21.43,0.034
75,0.3699814076587054,0.1625817784726511,16.833146023331143,8.046993275026404,0,37.06,0.4
1059,0.7070590818454431,0.8781994649940907,95.47434009361926,93.28049098211316,1,50.84,0.117
754,0.8472043403180419,0.8034299618502415,95.86263986956844,61.88027935618393,1,69.35,0.27
140,0.2267225974301299,0.4503214450868068,15.951404989649175,23.409864645990343,0,4.89,0.44
2221,0.7902360019200062,0.9130771351672292,71.2468612047359,55.83162781422884,1,80.14,0.325
36,0.8884866412094459,0.8394229819799371,92.1643704151533,51.73404781810873,1,63.16,0.266
2415,0.7600573167516589,0.7700128660137107,68.70049551702255,63.33650188050913,1,9.09,0.162
60,0.7540518602579295,0.8650989839766068,68.47027073826067,89.74869054340752,1,87.48,0.167
856,0.9684390083283316,0.915117424909116,99.23496978882704,78.48253920921442,1,92.17,0.335
2174,0.781264022605916,0.8614330519539357,98.25389531248936,70.88061366408624,1,7.05,0.497
2131,0.8986651428797429,0.8208375191239904,52.52257881004779,98.44652335789527,1,28.41,0.331
2284,0.7819818145469732,0.810309533496895,83.48016949816125,79.74542804283847,1,80.81,0.279
8,0.3426708811520299,0.1241200997881011,23.629361505408102,34.294483539256824,0,75.08,0.365
929,0.7980605272290702,0.9243360609535726,77.17347407869809,88.92236751569436,1,19.27,0.233
162,0.1383663929828633,0.2484982319789087,22.259732154130266,5.39636990030909,0,21.73,0.03
182,0.7953471541929706,0.8118237664876276,86.6387902515873,86.35082056580663,1,37.68,0.281
103,0.2015721564212755,0.0417974342756071,12.48839349282106,33.91023329044907,0,48.97,0.479
148,0.1999793733910253,0.1114837155675042,7.756786522719892,4.767800484775506,0,62.21,0.088
644,0.7166407854240181,0.7981946821746385,52.18636971800128,93.982438935075,1,37.52,0.345
71,0.215999032502757,0.3646658829205706,0.6020217650169091,24.25152777156552,0,46.79,0.1
2419,0.7816758930631467,0.7951355154762598,61.47483713191808,72.20808871373004,1,75.0,0.268
530,0.9330073017559004,0.8990184274957272,89.77721984841435,97.59397984977976,1,4.63,0.048
2675,0.9022694091675278,0.778951470073601,53.16343765787998,51.18550046533409,1,25.99,0.225
2021,0.769115051307748,0.9779969192686552,58.56823558680303,67.07654029412856,1,71.62,0.378
417,0.8780720991100035,0.8963201433215773,69.22818327182138,58.48742384469719,1,89.63,0.174
1463,0.7552446690480908,0.7257092816196097,66.70009339866743,94.64197990088604,1,51.66,0.332
2785,0.8667932168532764,0.7632231737574054,71.00347168558748,76.49388345147509,1,53.68,0.398
1866,0.9764448145394174,0.9781633390978512,92.10758292646636,51.79561676799585,1,11.61,0.464
2421,0.8476237504431624,0.8670072209821033,91.48245628173724,84.71137148010129,1,45.29,0.117
67,0.1116124453072552,0.3515436705444348,15.633215595892691,16.304572099973992,0,53.73,0.2
691,0.924253853485714,0.7294635640419481,82.83351532755347,80.4043011377693,1,25.0,0.076
1661,0.8166712375597788,0.942672768890253,71.98349797738832,81.53721001316097,1,27.66,0.496
1756,0.9543615778311856,0.8242349679885287,98.66342602135936,57.02970180272456,1,38.35,0.464
1573,0.9216271140654954,0.7247606019747673,70.11470865362534,68.84104411189175,1,2.99,0.27
2509,0.9027719984322642,0.7008809769319583,64.53820238799945,85.68634167640934,1,32.89,0.421
135,0.1634222798188053,0.1869873828523982,24.62639138789378,25.43952048485152,0,21.93,0.26
836,0.7454621238821932,0.8724573734578346,75.12774000883154,75.24880929792381,1,33.42,0.312
2589,0.9006122619633411,0.917861260668787,99.91453109713795,72.53102738249902,1,12.86,0.045
1940,0.8257327840219536,0.8368083644343921,93.10745423328672,69.71863610208473,1,89.16,0.378
2132,0.9531397921541996,0.7399724634013517,78.2129085029139,99.92704248008071,1,59.77,0.064
1778,0.9117474077334516,0.8949073212747627,57.71155433957305,98.85924843803512,1,68.23,0.413
1710,0.8598991933396167,0.9017575231278095,89.98494565000894,91.0423658361104,1,79.13,0.391
1764,0.9936875734833724,0.8681672225021464,54.55643482117079,50.24214142706828,1,50.35,0.354
203,0.1580112194181449,0.0179099227165899,10.160417810990833,1.447303539840319,0,9.61,0.018
1524,0.8819051680508646,0.9782683855647116,77.97751305929154,99.48285429781048,1,54.17,0.152
932,0.8130026016261532,0.9244346009950446,74.04705893591604,60.59954514427984,1,59.1,0.132
16,0.871538703123728,0.9059574837494264,92.72529662069628,80.1940614161588,1,74.8,0.18
2557,0.7156374748925322,0.8180616074558017,63.36993098251169,77.24780171259594,1,43.73,0.044
1176,0.7553711568961542,0.8358594071188677,92.49670767126628,96.84008588403626,1,13.63,0.468
1966,0.8391930011086388,0.983471830655794,77.07392755876592,85.23760536017193,1,29.09,0.277
720,0.7277077075847425,0.8464600811948079,76.14442138916291,62.68910144154277,1,36.95,0.153
97,0.207900293211546,0.1652048691944663,13.567517348210393,6.158044153174029,0,64.95,0.198
2038,0.7414311021807454,0.9033057218484404,81.06586937761276,84.56775802950975,1,57.51,0.224
124,0.1677235104769977,0.3367300255577035,15.08345534981136,24.262575778023017,0,36.25,0.3
1230,0.9843800512603867,0.7655411640157962,50.519839502105214,98.5711992340274,1,98.67,0.258
1574,0.90748039863888,0.7838588869945196,72.29795422339295,64.90935324679828,1,60.97,0.46
225,0.7564716371114751,0.8757019552267107,89.32799619118495,57.70483055878767,1,24.49,0.248
61,0.3230284155692729,0.3567302122733369,20.91838152561116,28.77150316082399,0,11.08,0.496
2685,0.758207623521308,0.9270787790333616,52.08366581511854,94.85331226765676,1,16.13,0.426
2762,0.7608417927725931,0.8828462994852023,78.95934664858076,53.5950246400748,1,25.35,0.104
167,0.2746005470747055,0.4395347803073965,8.834304795457433,27.34915474680391,0,16.91,0.465
120,0.9171006449494984,0.7100373136241264,72.47217602816474,70.82443710679377,1,19.47,0.058
1693,0.9208298442597947,0.9687776511107042,71.95922026024829,90.34526751123038,1,29.22,0.409
898,0.9797040569999268,0.9591487102366438,57.95691492135013,61.39660794346564,1,18.16,0.19
1700,0.7293851328602228,0.711001786178276,73.12171588026757,87.90610732023188,1,89.78,0.439
220,0.9368604023040908,0.9731387467101024,93.72945229347508,90.62235907661275,1,8.94,0.434
1907,0.7415227801522551,0.73146231465408,58.32280786495777,68.99092175141628,1,52.93,0.403
120,0.254007808312271,0.2626282805172051,17.07173990056921,29.859293478952075,0,41.63,0.395
133,0.1737246431245338,0.3654784849845402,24.833249540294634,1.4993057193784145,0,98.26,0.152
175,0.3503625823753662,0.3626259830087878,1.1979799109336808,37.97789087589432,0,12.09,0.04
444,0.8948972077517624,0.9263480387898848,59.92981031521067,89.23020875401853,1,40.39,0.201
2251,0.9630576928537063,0.9767074520140044,95.91100842326944,65.96973721295903,1,96.98,0.087
650,0.7631950779161296,0.9773273903546696,78.82348222263855,93.79985323441926,1,86.69,0.347
403,0.8172219993951528,0.9123867678949168,86.34227808414644,94.69921597285902,1,81.89,0.173
795,0.8860758483951038,0.8838238987993243,92.71041776834822,91.94184642626504,1,26.53,0.488
468,0.9116327447333684,0.7588190311384856,64.81238673325055,98.27138629110904,1,17.92,0.32
209,0.2063585709906496,0.3991528520435509,3.0362025846003005,20.933532365711752,0,67.2,0.411
823,0.7676392167424476,0.8732552428609188,68.10494294185834,81.57993924800752,1,93.01,0.066
61,0.3230284155692729,0.3567302122733369,20.91838152561116,28.77150316082399,0,56.12,0.431
1108,0.8776599141086091,0.9268589173357258,95.97663823881987,94.28897466625212,1,57.59,0.461
997,0.7391529231663133,0.7188608822164335,75.39166234581712,60.33068571981112,1,28.72,0.244
1495,0.8577315935658612,0.7369306560949668,71.66655044864905,83.84160607608666,1,77.18,0.303
2550,0.8470237299788979,0.8657662053397266,79.64090898784302,92.1552192396227,1,19.52,0.382
817,0.9794725573662943,0.8305336723283587,70.1726316738133,82.80987893525689,1,33.04,0.087
1287,0.8578352714455425,0.902019333676958,55.074499596817056,92.8804610090762,1,43.12,0.251
497,0.875112977381826,0.8438524698565707,79.04445198165283,72.93089637093523,1,51.25,0.199
114,0.9190039648465356,0.9453194218456714,96.30669649807074,65.62612858178778,1,25.0,0.073
1536,0.7489422730160086,0.8040617781349083,84.83762526872442,61.91287154708024,1,12.37,0.184
2710,0.7324313974443504,0.9569675570351586,85.7653054140906,88.356402087841,1,61.45,0.034
511,0.7665675265719557,0.7612828703679108,87.13129829135052,84.40293803311701,1,29.57,0.013
507,0.8288831418471658,0.748011552749613,58.82580897447404,76.34582219930648,1,58.54,0.068
2367,0.8478647609782546,0.7778382623160144,50.45227007633503,81.65887089212572,1,16.28,0.482
148,0.1999793733910253,0.1114837155675042,7.756786522719892,4.767800484775506,0,48.63,0.275
2225,0.7672184193793657,0.7636481933482476,85.29664922338594,60.47059115622,1,53.73,0.483
1058,0.9732837423517622,0.8254783237105532,56.00054099583185,81.81910836956011,1,6.13,0.216
641,0.9860420632624692,0.8495022969715502,73.92972768966929,79.3852124965109,1,34.32,0.156
2178,0.9186842121465434,0.9139875905705146,79.67076597011,83.25379022755276,1,14.31,0.253
1002,0.7492120025277804,0.8429470836564074,74.70354556470556,80.39222399306523,1,7.27,0.22
2125,0.9257341215524912,0.7650837205661591,87.42011673293271,83.59887553398295,1,99.01,0.053
23,0.1265548655999467,0.1085858928601833,7.121564471447006,29.214108027349862,0,32.91,0.32
162,0.1383663929828633,0.2484982319789087,22.259732154130266,5.39636990030909,0,81.18,0.108
1822,0.7045013041786687,0.8272659039865355,88.2024510204242,97.4457657943802,1,26.21,0.31
2256,0.7028633569577164,0.7857132940299622,73.51330938401719,75.05706290722674,1,68.47,0.325
1373,0.7290948661815352,0.8007854708253956,76.45052540713326,74.47686500439275,1,76.26,0.076
445,0.7290598098731474,0.9755632021820148,79.50729077058877,94.17346159397516,1,59.97,0.031
1924,0.7870895651083054,0.9075071251509136,83.46782898111506,73.78706407650682,1,47.69,0.39
634,0.9514011808730102,0.791863469621972,99.53668275155964,92.76943035226633,1,41.77,0.23
861,0.7304609710353898,0.7145063113711845,67.29801827831726,83.4719823714893,1,35.54,0.029
107,0.0816459355214349,0.3233865857302983,5.039849544388692,24.18139007144774,0,93.02,0.497
119,0.0662373276312695,0.2588470313555467,24.000845068819235,5.016607809245368,0,83.23,0.029
2693,0.859341606200219,0.98735253745882,95.60188943632843,70.72158496020457,1,96.54,0.348
394,0.9725429296964242,0.7131733087684466,59.94511173089936,77.64663766547413,1,13.31,0.492
78,0.123102677263693,0.2715737013378764,8.13631485924758,39.96622371990285,0,73.36,0.12
1894,0.7939096152738362,0.8409360350583717,57.230838496392536,51.24770306839068,1,93.9,0.071
172,0.0694128515124871,0.15105683454864,28.56250183743788,37.68756028993359,0,18.94,0.061
2447,0.938990635068485,0.8965610995920392,73.15216499603449,65.05646913032366,1,7.58,0.152
386,0.991683359678616,0.9945519150932414,93.8834555047263,67.6301071540151,1,74.37,0.051
2321,0.8285690728893054,0.7657758410482638,66.56054479816962,77.52207206533532,1,57.87,0.346
1188,0.999373351355012,0.9058606262637572,98.84178677373384,65.60889464612521,1,84.34,0.031
35,0.3011203432602932,0.0546864742843083,18.86936689482305,22.589195855814538,0,14.84,0.255
162,0.1383663929828633,0.2484982319789087,22.259732154130266,5.39636990030909,0,79.73,0.498
1565,0.9428410808880824,0.818020803890683,87.20797531019113,82.67770958747354,1,20.96,0.407
2231,0.7650552775765159,0.8741447199137602,78.7448336816338,57.79207815465939,1,17.2,0.308
1561,0.9990410962323786,0.7173368481104477,75.10121027863909,87.04696020759505,1,17.26,0.153
1222,0.927938814970964,0.933976415096744,71.41683745293652,92.43429131736649,1,81.64,0.312
2263,0.9272106943994024,0.8627407157166287,52.69244404240812,55.322040759413326,1,66.85,0.264
1358,0.7843668225391768,0.9391066232048548,87.86408277156573,74.43953120451107,1,52.78,0.213
743,0.8524693583898872,0.8321175813939877,78.56069870487329,74.29891996747286,1,36.52,0.065
827,0.9374557184181522,0.9861747288373042,73.9134874504443,73.68900120179774,1,87.84,0.443
1480,0.719982683186336,0.7003201350730832,63.79912897665212,98.0075447246228,1,39.85,0.225
77,0.3226677272735894,0.1569234659049969,8.573725577729185,2.0246990139572896,0,81.84,0.097
345,0.7528899524971131,0.8270349542877695,80.97979413385109,83.83897441715645,1,44.47,0.184
2200,0.7314844802416439,0.798943555015607,56.101200327716704,99.44562039500592,1,38.32,0.207
490,0.9769082763559532,0.7479172094331938,88.27882164627131,74.99934296701838,1,46.81,0.414
2052,0.9886598556201928,0.7888336042291059,92.8849135811276,74.66640230855316,1,30.84,0.367
1783,0.7207142808981771,0.8552322820909615,87.9042984314435,67.31667753103332,1,75.01,0.385
2524,0.8774483463125999,0.9310043874356394,77.9878014401774,80.67099241167695,1,50.77,0.006
103,0.7102351681606558,0.8182967827689682,60.08586415295897,60.24121709530451,1,23.99,0.208
1658,0.9145521814409174,0.8678400533395981,92.65462583765952,70.38112644528852,1,90.06,0.241
1687,0.8635258785634228,0.7355643856105879,99.41133856988988,68.21807397125592,1,39.01,0.01
2454,0.9944038698918354,0.8916705832270081,63.79595654065871,51.90734667752034,1,54.81,0.13
1926,0.9123030997173728,0.7566496072557142,95.01492064262,67.09564885100836,1,90.74,0.38
2381,0.9783271963291428,0.7641904467747319,64.9577273318973,83.3607945565017,1,62.8,0.069
2234,0.7474412890598381,0.71585445721684,56.865232128375744,71.44393429724559,1,12.57,0.268
273,0.8569845062990805,0.8109556270107674,89.36104490104759,62.32215650906136,1,94.04,0.108
1864,0.7505588479890406,0.9177923514592632,91.78604119509832,73.88367969879918,1,63.14,0.006
2736,0.8963098592001957,0.8981920686480147,70.78979885376842,58.40175514883852,1,34.16,0.121
146,0.8175453750858063,0.9215453560472556,54.534282723335366,63.88212209142077,1,14.79,0.488
3,0.938582543470932,0.8761887696512133,93.48884122788022,97.28217644084248,1,79.61,0.401
616,0.7723435995690782,0.9557382862568208,78.05939757237786,85.41492715351467,1,62.39,0.48
1645,0.8382158551685902,0.8379536660263507,89.8233732198798,83.85317208235625,1,53.81,0.244
2529,0.907915622664784,0.7197100036544692,65.2745290375344,55.04257198505367,1,89.5,0.055
410,0.8539954044787021,0.7333006855812344,86.94200922293598,81.1369215572785,1,79.07,0.274
198,0.0719527728040793,0.3779894204016167,27.98774484837531,6.190479585005635,0,16.02,0.227
1521,0.9712165874008228,0.8328075409557214,96.20331766180904,74.23562160470132,1,31.86,0.422
1748,0.9938428276911756,0.9465799608573626,72.17637145726053,86.25149359185986,1,25.6,0.049
536,0.7526884154950367,0.8792643209419796,99.10263171537422,68.9405272094402,1,74.65,0.244
697,0.8604385056216309,0.8729364784521714,91.32542174647924,68.01642400625431,1,4.32,0.075
740,0.7539384321757854,0.7523138004997888,52.61331738698618,63.35730424916227,1,57.42,0.162
2193,0.9701682287221448,0.8664767762120045,58.52254886172162,84.29465221846992,1,76.48,0.369
1953,0.9046266754330976,0.9063149241486184,98.8636974398026,56.95397730933544,1,87.8,0.238
1400,0.7950224968430918,0.9954376907650416,76.8880543159294,81.96815049932749,1,34.87,0.188
1374,0.8864064468531392,0.9286112910468808,56.5175370614932,67.90172928660621,1,82.3,0.197
157,0.7235663468890642,0.7973391286078358,57.05573735079051,86.83833281151024,1,11.95,0.23
2332,0.806385115266721,0.7693071989488031,97.1515801335022,93.23097449521634,1,84.8,0.393
1223,0.8023215517885713,0.7521974423755473,88.40781052540768,50.45960240184658,1,13.62,0.446
2658,0.9897451951955194,0.9889030433595776,77.07680384903433,88.556609270481,1,40.33,0.478
1272,0.9429942087772066,0.951961843126314,70.51766233148712,61.7125989709548,1,79.93,0.393
280,0.7484993916349624,0.8421935162373412,90.4906650700568,84.48027429527713,1,15.84,0.158
839,0.731134555037534,0.8961590492226208,64.81243802709147,91.09374780387792,1,23.7,0.344
2534,0.7815031040612929,0.7752952494444245,74.94768677914342,80.40908462571508,1,72.5,0.219
446,0.745730284984471,0.9775689443194268,53.287584435155175,68.94125444230455,1,72.28,0.127
1085,0.8792609492889416,0.7411265889494084,93.41551720269553,84.2164822552106,1,64.47,0.42
921,0.7950572709880592,0.7508875300938067,76.04097110023768,77.73684941267554,1,69.7,0.019
804,0.9079131490999092,0.8637845895600017,60.29610530595703,99.60081343100444,1,54.73,0.451
685,0.7470153705638324,0.8211747374682896,53.67943385496815,92.57647718240771,1,25.93,0.231
517,0.7811427856549015,0.8841734689773729,75.55307767697707,57.36898846846033,1,35.22,0.319
683,0.8060519411436683,0.9985933304443976,81.75776745190868,97.09017362844376,1,18.98,0.33
1965,0.8163672239146875,0.9262583414488608,72.28984451962641,69.94023042981532,1,90.94,0.448
387,0.7445853789663983,0.8976154083710932,54.50818933159703,56.43626848078284,1,58.76,0.318
2042,0.8195242797936276,0.9933061500593608,60.580880895783,97.4331568146383,1,40.68,0.307
547,0.8864655824342239,0.7525262706010393,64.92309979577054,87.48876989517488,1,46.74,0.033
989,0.880580187445408,0.8687759189255981,61.94156204073266,60.80518708759482,1,94.78,0.259
2758,0.9190869587598608,0.8642378869532635,99.04731707009604,75.87832342936383,1,16.18,0.075
657,0.7838191747851745,0.9491140913558036,52.25732430974707,58.4768155478188,1,59.04,0.369
65,0.9679088252854864,0.9329507066790996,54.27921482627276,68.24069001196078,1,51.08,0.256
1381,0.9078685787950164,0.9301779850254048,55.4448249362028,60.0254080056404,1,61.53,0.34
849,0.8624133125116518,0.7141209371175495,55.19311678717874,83.87151220523583,1,2.79,0.021
169,0.7745138648303455,0.8924224127960748,96.35243720213174,56.68628040579726,1,87.34,0.042
161,0.7227704881442802,0.8278806765200502,94.67935806668874,73.14866354420376,1,93.28,0.358
1850,0.8052931707245771,0.7255109933891057,66.19800428166423,99.4275961363528,1,56.95,0.036
864,0.9169276569717086,0.7682094295779136,60.73595980318421,57.51810024481623,1,69.97,0.036
1837,0.9276316524209672,0.7163291105692849,53.89805695775385,97.00032285111315,1,92.33,0.006
1854,0.8953597241476119,0.784835751975806,65.14488385531904,51.97572718772931,1,71.02,0.478
1741,0.929851393890352,0.8916422866383763,88.6215728524179,74.67286983223676,1,16.1,0.369
1799,0.7202112186237654,0.7301429765684002,54.07264290711338,89.83790208537954,1,58.05,0.177
1001,0.9802049477872,0.7924751281455854,71.91220218643626,91.65721406904012,1,61.06,0.148
180,0.2738093303871922,0.3870574633273283,0.8568845066492792,3.898058769255832,0,42.99,0.175
2262,0.8022941420742971,0.7829734056379632,94.13893523933592,77.12581231381058,1,73.91,0.387
2335,0.907884895743104,0.8533636174028629,61.40577254075117,61.85346884216044,1,93.5,0.331
209,0.2063585709906496,0.3991528520435509,3.0362025846003005,20.933532365711752,0,92.63,0.093
1294,0.853690583319047,0.8409563470016671,79.35323162676488,79.0504859230409,1,45.63,0.087
176,0.3002851913970628,0.0936160612444753,12.1627173414112,7.877303998789182,0,12.21,0.049
2101,0.9650601134417314,0.8017960286102037,77.06739271806268,71.37976203613755,1,98.5,0.33
160,0.2716790913360989,0.2369277450115033,7.010511784498414,25.99499027466517,0,84.05,0.382
1870,0.9393220125704728,0.9663326313755992,70.76546077600965,66.04370607303706,1,13.34,0.133
939,0.7976327972009153,0.7788860661542535,52.27699587081449,97.81925838478976,1,92.16,0.01
2717,0.8081007078714468,0.8043519688738933,92.08684332900808,71.46152865383335,1,87.12,0.041
964,0.9784787033167492,0.9455570757543348,97.85437971943492,90.71105490617488,1,52.36,0.484
1156,0.9300982751556384,0.973705176123352,63.84655797584043,80.87007337172798,1,59.54,0.148
1596,0.8003114550554292,0.7314638219135506,90.92589096400984,62.631072943886366,1,40.5,0.385
18,0.3577616882102672,0.1964705525500119,29.47192054989665,31.45140853270371,0,6.42,0.312
613,0.9746988531622056,0.8518244260161738,94.68765447172512,92.61949804997435,1,34.18,0.191
730,0.9338074524009228,0.9898877857112124,74.07564107614084,59.84264161981725,1,80.48,0.103
357,0.8145636612914869,0.8327091867085508,59.07677377032498,90.58573936740594,1,1.46,0.061
1167,0.9142354925811376,0.7700608641443983,96.22019155193152,77.45359553138849,1,34.02,0.308
1930,0.921375251466378,0.7221981961344163,90.33965855310583,82.53261562329801,1,40.42,0.387
2558,0.996096739472204,0.9793494032202522,51.42548656831008,87.30904392017217,1,54.2,0.322
1751,0.7518762619578913,0.8701451423856639,73.43849674422455,82.89426526470537,1,92.07,0.265
54,0.8278478739072296,0.8479140205331003,65.37676511914245,83.75409739174901,1,35.29,0.021
1591,0.8124629865183853,0.9195001685680166,63.54225015285597,92.44897553156711,1,35.35,0.484
875,0.8847838687048872,0.8505467889400975,98.01055469974192,66.12416108572111,1,74.01,0.399
0,0.8019186721246042,0.8748534348317212,70.29593247366569,52.6842561020802,1,45.77,0.146
456,0.9010162435293526,0.8736670775842521,99.985549688854,72.67719155053778,1,23.24,0.49
1119,0.723021856165363,0.7760269033369251,77.62923823746766,66.59039506388959,1,45.79,0.301
189,0.9238411807242268,0.7783285729804416,57.43713948198862,90.37976193477807,1,14.94,0.291
1492,0.8132974052388312,0.9647761410523912,68.74704474334507,63.22368387012911,1,18.46,0.374
204,0.1426158003274197,0.2317305924214117,11.475557678291011,10.679827314387287,0,50.34,0.406
1196,0.8536453688368107,0.7424090925182785,85.86032466603643,68.46529394417314,1,42.47,0.328
2289,0.9512085652739876,0.8767294104996028,51.78280717539923,54.83240739313534,1,91.57,0.064
883,0.7102345694546042,0.982607944582798,83.18768862225939,87.82354496219807,1,36.88,0.169
612,0.968519998957054,0.9641374474231964,88.48950357547892,59.09866388853,1,58.48,0.464
486,0.8155417334214754,0.9823762458193056,88.04299233996377,65.43186517867449,1,63.59,0.112
2623,0.813365893915615,0.724535552714699,69.50905491226445,69.55702538586243,1,2.3,0.186
589,0.7543223219042445,0.748997223808265,90.68519042435454,92.03970298472922,1,66.69,0.216
2378,0.8404894372767553,0.935440266075888,78.23924830744284,90.24298805076651,1,18.63,0.22
83,0.3383950908949029,0.0960026728843042,10.007994882810022,35.148524778037185,0,96.15,0.306
221,0.8740690462160944,0.9844002714755228,89.16369725763836,82.8535111872342,1,15.72,0.472
2503,0.84276437526779,0.7632715039426371,55.70440449391956,67.85767311403757,1,42.05,0.12
1413,0.796625874355274,0.9716424067476546,96.58639943016009,79.82764508113408,1,9.45,0.061
64,0.7255961532259959,0.9574191957361856,84.09728319114105,54.307075744672815,1,99.69,0.099
905,0.9662384187244564,0.704949136250111,58.272777262344746,92.71095208163186,1,50.72,0.443
208,0.3300376982553771,0.4587480597380959,6.0360445433491305,36.71865813479089,0,59.94,0.323
33,0.1946581980631452,0.3164559097118928,27.65642683616677,26.604150185466004,0,7.64,0.143
1856,0.7044943588381718,0.8379892815611183,56.7732136173652,64.58291685554072,1,75.25,0.408
785,0.9428916877414776,0.7172550074794883,97.9214125985849,61.09737798128021,1,21.78,0.431
1104,0.7786741376613575,0.9558306081151194,95.9672512840499,96.5974259839081,1,89.91,0.423
203,0.1580112194181449,0.0179099227165899,10.160417810990833,1.447303539840319,0,21.31,0.459
78,0.123102677263693,0.2715737013378764,8.13631485924758,39.96622371990285,0,19.88,0.126
769,0.8461596513534674,0.833471720020768,90.64507479781514,79.10271694378712,1,4.62,0.378
1054,0.7089833573746207,0.8819977927921363,73.94244805953954,87.63511949521501,1,47.73,0.23
360,0.8705334043238551,0.9279037577575776,74.55464876410616,86.97821102204747,1,56.92,0.421
579,0.9134915134569566,0.7078055796877804,82.50485944438923,54.38471682082952,1,7.51,0.364
2431,0.9093519232701808,0.8569427757974009,83.10797171269931,96.00083786677226,1,77.78,0.388
524,0.9198705592727228,0.8593316922841698,80.39717917332771,62.02995671266757,1,45.88,0.328
1982,0.8636854819293711,0.7722458188776814,64.02143387780713,91.55061886606045,1,52.91,0.089
258,0.7612266748477602,0.7980932084760266,78.509891518037,65.95190691535815,1,44.64,0.273
1203,0.7241074991475461,0.7044767444888475,66.21603039606944,77.3651435282409,1,40.68,0.492
2025,0.7872371659721626,0.8316062088268321,54.34855449193508,81.31586515278492,1,56.4,0.469
350,0.8382682846452941,0.878573987046007,81.327446063984,81.25021222861177,1,16.37,0.022
140,0.2267225974301299,0.4503214450868068,15.951404989649175,23.409864645990343,0,19.01,0.082
82,0.0601150824333887,0.2055077179248813,24.87450225654606,13.719458919732409,0,86.32,0.066
2372,0.8525169860397367,0.970025676684003,62.21715331771425,94.49705808381128,1,94.67,0.363
2665,0.8312630220282085,0.7276877131436836,81.82397251715366,76.71087555565848,1,37.96,0.409
77,0.3226677272735894,0.1569234659049969,8.573725577729185,2.0246990139572896,0,27.8,0.107
370,0.9522230393180784,0.9597177382362142,91.73599123735453,57.07907860335561,1,64.76,0.253
384,0.9371693027508036,0.920130959177254,94.17224641268623,86.80071904650472,1,41.46,0.42
2226,0.7677721211433055,0.8794330598715784,90.42302847532632,84.30721463098995,1,3.51,0.366
1053,0.8545259290272424,0.833013964438789,78.54496275195959,90.57642426586712,1,16.46,0.271
67,0.1116124453072552,0.3515436705444348,15.633215595892691,16.304572099973992,0,71.88,0.295
608,0.8377666165577148,0.7738679454468503,59.29613245310964,51.96245928079657,1,66.23,0.254
84,0.3833102364664658,0.4506465470229234,26.02418474205912,13.371870469928488,0,3.68,0.149
103,0.2015721564212755,0.0417974342756071,12.48839349282106,33.91023329044907,0,22.98,0.283
205,0.262387227201876,0.0860984945046001,14.957203690435616,2.335797921376219,0,23.88,0.344
2657,0.8897788038612461,0.9978932836964468,57.87854917926804,67.99465137657816,1,67.52,0.437
2761,0.8229818129344273,0.8746074601583714,85.61605680164145,56.58024286392019,1,2.95,0.318
97,0.207900293211546,0.1652048691944663,13.567517348210393,6.158044153174029,0,11.31,0.381
539,0.8357143591788206,0.9733779557877322,90.23480308469388,63.82490089883204,1,80.19,0.08
2505,0.9397824964713553,0.9608747554459268,72.95125234521402,71.5146460394541,1,18.68,0.231
1307,0.8400302887999233,0.8327362203399582,62.44656542647319,50.19906542121406,1,65.62,0.005
156,0.059955676977881,0.213679721589717,0.0481350684656201,18.862577867606404,0,24.58,0.123
831,0.7401742716566141,0.8508273058838123,63.762463267626536,84.1164853708581,1,10.84,0.363
1336,0.8845423239800964,0.7613447809178419,91.41206524023224,60.10005812495559,1,25.07,0.496
2718,0.957389875049768,0.94911676341658,74.25534879436675,61.376634469612846,1,72.5,0.05
680,0.911998304858926,0.7871289380374057,61.31098424406852,88.53139672298633,1,85.71,0.201
452,0.7817985472650252,0.893988659889408,62.5124275733351,78.73906414047167,1,83.19,0.4
2166,0.8915864314802374,0.8961291215675753,56.89557802897318,78.69762052331146,1,40.32,0.102
738,0.9396800045233256,0.9393755343051052,79.20264242749808,79.71728395455558,1,67.14,0.278
2105,0.8173065433287783,0.7548054545279828,83.23041533902958,89.30404406703792,1,21.29,0.367
197,0.7222165254454909,0.7901572475238204,87.75781210598828,64.77313062212926,1,30.02,0.308
1773,0.7305760453060922,0.8133260293611505,51.26236983566805,54.761388710588605,1,89.74,0.094
2347,0.8044569899724111,0.8818828656129447,76.1712131196315,61.09873899548073,1,2.29,0.178
2586,0.979726857735456,0.9929047087805084,76.01367853439254,68.3465362020493,1,9.47,0.392
1813,0.9888356868279664,0.943022326974482,86.41529017012303,90.20044522365166,1,21.58,0.277
1608,0.9885147502415093,0.8170605859800504,98.00862064418048,68.76157093459543,1,3.63,0.003
1431,0.9978004577227044,0.957670473083896,83.3288993724041,64.55895126150419,1,18.96,0.38
250,0.812431246973413,0.9998648657607656,64.65930870957601,98.4370425575538,1,58.72,0.018
203,0.1580112194181449,0.0179099227165899,10.160417810990833,1.447303539840319,0,42.72,0.373
51,0.959000971084585,0.9195641157943756,95.04923325861031,75.20515862408149,1,89.37,0.101
1093,0.8827063695842581,0.8303138856264153,64.59948540686098,50.15968266811712,1,81.93,0.479
1021,0.908148195501494,0.9846044952022,85.45571778152183,78.46900824186119,1,34.84,0.184
75,0.7043312745104533,0.8764636354768265,83.55783488923994,79.05459733529192,1,26.68,0.163
1603,0.8730451218662615,0.8627309788513478,83.72638611699124,91.67357901645984,1,38.59,0.074
8,0.7881379602860642,0.8159372894015969,69.69204299010241,99.47223033047266,1,59.44,0.153
1324,0.907034565833872,0.9857705140064644,91.018628451373,80.1533478975075,1,27.54,0.438
138,0.1561368125129874,0.168130239585135,7.29798384661383,16.533532245205706,0,62.79,0.498
711,0.9280460576758184,0.99406359151366,59.87186774413355,97.0533089144008,1,41.53,0.184
71,0.8837456059318777,0.938584764505836,92.5437663059257,83.46102350311165,1,55.65,0.224
87,0.0799928255238566,0.4003963126936407,24.86031053093778,26.148449983464133,0,44.18,0.361
2376,0.9184857848073668,0.909329389291494,96.83477458884008,82.16991521707527,1,30.15,0.443
136,0.9001765151300708,0.8905002899971355,80.33769152148787,77.10742441510223,1,94.9,0.297
1675,0.7819555353294744,0.8598823848716839,50.64839896401334,66.69516250758099,1,76.6,0.196
5,0.2063027611280397,0.2150243979322619,11.947374698000448,33.74996066937757,0,14.87,0.206
695,0.915417730292712,0.8616982597645868,71.70330775356496,89.1977791249428,1,86.98,0.348
31,0.2973835106663928,0.151781576223169,15.43241979532718,18.70019574529316,0,49.26,0.002
1390,0.9802657924707132,0.8152339897519485,69.11936805315563,85.15105014913729,1,89.56,0.31
43,0.7875286443249951,0.9430637102426817,88.29032910363374,72.39042327208489,1,80.19,0.178
1968,0.8172809245222126,0.886635215379459,88.45497104794666,50.78952690744504,1,43.1,0.397
2683,0.7563552213127983,0.8545130429829471,70.74328167385569,97.60566812218522,1,3.22,0.046
1927,0.94514397758702,0.8160394072113732,71.88925139431572,70.67255874770571,1,27.6,0.294
131,0.0063735911307171,0.0258060169787365,16.464549132135208,4.176804307095421,0,54.62,0.24
2750,0.7679608420906798,0.9156785646000072,89.46932868501743,96.32872710489124,1,63.71,0.321
1548,0.9487999829462264,0.7361748549035051,51.5458383148999,88.58475332828556,1,26.53,0.032
427,0.7492837292784825,0.7574831091487837,55.20150557967881,68.97443790579021,1,14.8,0.29
716,0.8392072575249977,0.8106477681048578,65.46346795361282,91.4920978053023,1,83.66,0.281
1082,0.95664117072148,0.8628408491681505,77.29900060652855,61.11943977497123,1,98.46,0.28
2390,0.7327070164845022,0.9775391953963748,65.86579970607794,82.62839360339447,1,53.04,0.302
135,0.1634222798188053,0.1869873828523982,24.62639138789378,25.43952048485152,0,18.0,0.338
294,0.9262369447925136,0.9949331590429012,82.02322185203799,55.78169217679981,1,27.96,0.402
2424,0.8530160352220759,0.9947900552918308,94.60314860444323,84.0371076746768,1,2.82,0.135
12,0.7849275585604162,0.8242368705111921,97.69578037042508,71.83480797000186,1,91.52,0.413
1945,0.9309733405684352,0.8279162267591107,75.0112560160936,96.11936348135076,1,12.66,0.249
23,0.1265548655999467,0.1085858928601833,7.121564471447006,29.214108027349862,0,58.08,0.039
2143,0.7688993878387707,0.914775341586212,73.50461772186429,98.807375012736,1,28.13,0.029
2655,0.9651045021543908,0.9590069492163596,71.36931757088549,63.564399219376114,1,55.86,0.167
2595,0.9227540514893636,0.8419435580601778,78.77195132725836,83.8994631204292,1,65.49,0.392
1328,0.9103255103146268,0.8028402237949027,92.49968904689192,91.22765028639222,1,83.14,0.354
1112,0.8064375418605754,0.975829484728578,63.66031622912799,86.84434021560646,1,21.44,0.394
26,0.7607417640870608,0.848431042027419,75.58582407225039,96.0922263437783,1,2.09,0.259
991,0.9469064690192474,0.8855455854603085,70.40819565849388,75.59468747184135,1,14.55,0.22
298,0.7904506723478506,0.7634231414919294,95.19101782344174,74.92037776821793,1,90.1,0.074
1383,0.8276467561131384,0.979586403739549,69.63925337652373,93.1393535765088,1,87.52,0.164
1169,0.8469711102358153,0.9449489193203764,84.96747155075892,55.93085327301719,1,60.14,0.217
172,0.9690634424743828,0.9066893029203124,69.71649341924505,59.12272212851523,1,60.45,0.044
977,0.8570491562029229,0.9115128505321508,67.24151594851382,82.62470871491263,1,66.84,0.11
1811,0.8468935732616034,0.8457070052587552,55.89507646429897,68.27318053968413,1,18.36,0.299
120,0.254007808312271,0.2626282805172051,17.07173990056921,29.859293478952075,0,91.53,0.368
1906,0.955074713945384,0.9227094200638756,92.02233570120164,86.16700459990102,1,42.46,0.499
625,0.8710366690656453,0.9046834395194971,98.48609019477811,56.64673597922173,1,38.93,0.467
24,0.8556261263338795,0.8031088776534746,86.33170195729983,94.80434612025068,1,52.37,0.321
363,0.7080287245095367,0.7383562480158,87.96193112620328,83.92680375243343,1,5.65,0.211
952,0.7172739559827676,0.8891303511664796,73.38018773624904,73.97591079647586,1,17.46,0.318
139,0.0284105198440219,0.2785815405525199,24.89524163137349,26.137463074972583,0,74.07,0.393
1120,0.7976987192664184,0.8252992797523149,94.56398345293796,52.6837300868479,1,9.2,0.059
327,0.9990785784127942,0.8042442682160181,53.891256027823765,69.9685683369475,1,60.71,0.205
1975,0.9662090717811204,0.7040669740065717,89.8357689540887,75.67325723643282,1,25.29,0.42
1657,0.9582840007298412,0.8882538260894635,96.45473763149624,76.91964158695853,1,39.54,0.192
1268,0.8906218664213008,0.9259812952103798,51.50084940559732,67.94053513867826,1,29.58,0.286
135,0.1634222798188053,0.1869873828523982,24.62639138789378,25.43952048485152,0,36.21,0.294
2254,0.7071494898249039,0.8018267300181778,52.73102926350264,95.14898988786598,1,72.19,0.092
1126,0.9398846919948188,0.8676115841766531,94.95645791666816,63.55728303682344,1,30.42,0.181
133,0.1737246431245338,0.3654784849845402,24.833249540294634,1.4993057193784145,0,57.07,0.167
2566,0.9282764755184676,0.8217293813698875,50.28049540617103,74.77493735249665,1,48.13,0.013
2250,0.9719938575467904,0.7257770331387526,68.7986641311132,58.240546371382415,1,66.7,0.012
131,0.0063735911307171,0.0258060169787365,16.464549132135208,4.176804307095421,0,93.75,0.416
449,0.8958019518837698,0.7907336135398761,95.2046526491266,55.20833160394022,1,73.52,0.137
1438,0.872883055585149,0.983050920886268,92.51670229241296,52.88043354158039,1,22.28,0.259
569,0.7541604700123442,0.90472797924601,67.1457954766817,89.46757132380739,1,4.09,0.149
261,0.7341747163558928,0.7908120530259081,84.67123830390182,87.94572594581678,1,26.96,0.47
810,0.9144040395402852,0.9043184816916964,82.6917644559822,89.52217739447656,1,59.91,0.13
279,0.8461663753092243,0.7807833450138791,59.79276160974079,57.12586027276488,1,6.09,0.215
1362,0.7970587793436483,0.7819639281009872,88.23162850537906,59.723671837866725,1,50.14,0.436
45,0.7026267513423221,0.8567640258200893,56.88985373424734,65.43478908782407,1,60.09,0.421
139,0.0284105198440219,0.2785815405525199,24.89524163137349,26.137463074972583,0,34.09,0.093
2574,0.9751244867551052,0.7684443318448523,79.65971029151802,68.58645845799217,1,77.32,0.401
1494,0.8996960559009868,0.9974213546193584,52.67750013783695,94.9067288022583,1,11.55,0.229
98,0.3783332421376331,0.2210849873784504,11.205280691351732,0.0408380036011779,0,8.44,0.241
2093,0.8257089671776837,0.8105255189891964,98.66334343079586,74.78939419162823,1,73.09,0.067
77,0.3226677272735894,0.1569234659049969,8.573725577729185,2.0246990139572896,0,50.05,0.04
1212,0.8432309495290063,0.9893841666743528,60.42947523833972,97.54406981609064,1,69.15,0.364
2145,0.7442582829285609,0.8995697712036358,56.03475542205258,99.16476131601176,1,44.05,0.248
1113,0.9761103082031826,0.9627426067595302,96.79848304055034,89.63991037153441,1,25.39,0.218
296,0.9098529272050516,0.8403362874630261,59.64606814048142,81.2628926170799,1,82.09,0.365
77,0.3226677272735894,0.1569234659049969,8.573725577729185,2.0246990139572896,0,80.14,0.383
156,0.9077952716978795,0.9290044857332198,54.90757701043267,65.84302173370938,1,69.77,0.079
119,0.0662373276312695,0.2588470313555467,24.000845068819235,5.016607809245368,0,27.94,0.305
1063,0.7003422936114778,0.9478954434939132,88.48536348944222,51.87646014070848,1,59.43,0.068
75,0.3699814076587054,0.1625817784726511,16.833146023331143,8.046993275026404,0,36.74,0.376
87,0.0799928255238566,0.4003963126936407,24.86031053093778,26.148449983464133,0,10.07,0.328
341,0.7196341140987662,0.8474683817834057,89.0689657974001,75.38998671963624,1,91.81,0.478
1149,0.998093828516594,0.9052951899474716,95.58964842542244,57.023299567378274,1,14.55,0.034
2371,0.961958785898572,0.7789098170834639,81.28240869312069,63.11334603893596,1,95.07,0.029
180,0.2738093303871922,0.3870574633273283,0.8568845066492792,3.898058769255832,0,45.15,0.141
